product_count,jancode_count,releasedate_count,manual_count
133640,101631,55080,38199

maker_name,product_count,manual_count
aqua,134,133
ASUS,178,0
BUFFALO,804,804
daikin,105,0
haier,90,90
hitachi,1310,1227
LG,396,40
mitsubishi,17239,12601
paloma,228,228
panasonic,8359,6419
rinnai,171,11
sanyo,2384,1494
sharp,279,259
sony,1301,1096
tiger,386,383
toshiba,2022,1518
toyotomi,89,89
パナソニック,10353,1293
象印マホービン,648,293
レノボ・ジャパン,350,0
プレアデスシステムデザイン,9,0
NECパーソナルコンピュータ,170,91
AppleJapan(同),187,15
富士通,393,29
日本エイサー,184,0
東芝,1419,567
ソニー,1431,227
日本電気,270,52
エムエスアイコンピュータジャパン,15,0
イーバランス,56,0
プラスワン・マーケティング,16,0
恵安,32,0
デル,30,0
VAIO,13,0
エプソン販売,602,49
日本ヒューレット・パッカード,167,1
パワーサポート,1,0
バッファロー,138,1
ダイワボウ情報システム,5,0
サンワサプライ,573,243
クリエイティブ・メディア,95,0
日本アンテナ,17,0
エレコム,606,60
フォスター電機,111,0
ボーズ,163,15
ディーアンドエムホールディングス,639,9
ロジクール,70,0
ローランド,10,0
ハーマンインターナショナル,259,2
東芝エルイートレーディング,90,3
オーディオテクニカ,628,26
ロッキーインターナショナル,85,0
ティアック,286,1
プリンストン,104,0
イメーション,141,2
マッドキャッツ,58,0
アイピーフォー,4,0
セルサス,2,0
ラドンナ,58,2
ヤマハ,259,16
オオアサ電子,8,0
磁気研究所,7,0
デバイスネット,13,0
イーフロンティア,48,0
完実電気,536,2
日本マース,48,0
テックウインド,12,0
アイティプロテック,2,0
beatsbydr.dre,104,0
アユート,8,0
アイネックス,1,0
システムトークス,23,0
東和電子,32,0
プランニングDO,26,0
ヤザワコーポレーション,379,26
JVCケンウッド,896,94
キングジム,9,0
加賀ハイテック,15,0
マクサー電機,20,0
元林,14,0
パイオニア,304,30
イデアインターナショナル,147,0
オンキヨー,248,67
花皇,20,0
ロックリッジサウンドジャパン,10,0
ヒビノ,16,0
エクセルサウンド,15,0
日立マクセル,197,3
アスク,50,0
オリンパス,389,146
ナカバヤシ,29,0
ブルーネクストジャパン,13,0
CAVジャパン,48,2
コムトップ,8,0
富士通テン,27,1
クリプトン,12,0
BLUEDOT,22,7
ロジテック,160,69
ドリームズ,72,0
タイムリー,12,0
エスエンピーネット,1,1
MSY,25,0
オタリテック,16,0
タイムドメイン,2,0
STAYER,12,0
エアリア,5,0
ドウシシャ,514,23
トリニティ,21,0
LGElectronicsJapan,22,10
MARSHAL,3,0
タックルプランニング,10,0
OPPODigitalJapan,4,0
イーサプライズ,6,0
オンキヨーデジタルソリューションズ,3,0
オーム電機,730,72
テクニカルオーディオデバイセズラボラトリーズ,1,0
セントレードM.E.,50,0
ビエスタイル,18,0
朝日電器,426,36
MISAKI,5,0
ワンアップ,17,0
ニュマークジャパンコーポレーション,4,0
フォーカルポイントコンピューター,42,0
トライオード,61,0
ランドポート,16,0
アルペックス,59,0
GNネットコムジャパン,63,0
プラマイゼロ,97,0
スリーアップ,345,0
アイリスオーヤマ,755,249
オークローンマーケティング,43,0
日立アプライアンス,1124,454
オンライン生活,3,0
リョービ,123,3
ナカトミ,114,24
グリーンウッド,25,6
ベルソス,112,0
カラークリエーション,5,0
山善,846,21
シー・シー・ピー,101,11
トラスコ中山,92,0
シャープ,867,373
フカダック,43,0
ツインバード工業,396,232
高敏,69,0
ポップリベット・ファスナー,120,6
直村企画,6,0
ボッシュ,23,1
SIS,102,0
スイデン,66,16
テレビショッピング研究所,10,0
イトーヨーカ堂,1,0
山崎産業,27,0
水本機械製作所,317,0
アクアシステム,5,0
マックス,199,0
サンテックオプト,26,0
仲佐,33,6
プラス,33,0
アイム,3,0
ニトムズ,13,0
KoboldJapan,12,0
ツカモトエイム,110,42
サン,12,0
モダンロイヤル,3,0
アマノ,11,0
日立工機,1460,49
新潟精機,102,0
MonotaRO,9,0
神田無線電機,48,0
小泉成器,610,14
COSTELJAPAN,8,0
ドリテック,339,42
ピーナッツクラブ,67,0
高儀,119,0
永山,1,0
東浜商事,2,0
D'zSTYLE,4,0
スマートライフソリューションズ,7,0
三菱電機,679,183
BMXrobotJapan,2,0
フカイ工業,49,18
ニルフィスク,5,0
三栄コーポレーション,129,9
ガイズ,22,0
遠藤商事,228,0
エコバックスジャパン,24,0
ハイアールアジア,125,6
東部大宇電子ジャパン,18,0
セラヴィ,156,0
ビグソン,1,0
クマザキエイム,32,0
日立コンシューマ・マーケティング,133,41
わがんせ,28,0
インダストリーコーワ,16,0
CommPlusBiz,1,0
エアージェイ,58,0
アピックスインターナショナル,174,1
フィフティ,73,0
マクロス,126,0
吉井電気,65,0
ビッグフィールド,8,0
マリン商事,14,0
マーナ,12,0
ヒルトップ,12,0
伊勢藤,2,0
ピーシーあきんど,46,2
因幡電機産業,15,0
ダイキン工業,386,4
富士通ゼネラル,160,64
マキコーポレーション,4,0
三菱重工業,61,0
ハイアールジャパンセールス,127,48
フソー化成,5,0
コロナ,594,378
トヨトミ,381,221
ダイアン・サービス,6,0
コイズミ照明,1814,9
オーデリック,2359,0
インターフォルム,472,0
YAMAGIWA,72,2
東芝ライテック,1210,321
NECライティング,282,20
山田照明,811,101
アグレッド,192,0
キシマ,129,0
ディクラッセ,113,0
スワン電器,118,1
大光電機,3399,789
興和,57,4
長澤ライティング,43,0
日本グローバル照明,18,0
アプロス,7,0
山佐時計計器,72,0
タニタ,315,122
オムロンヘルスケア,265,140
テルモ,5,0
セイコーウオッチ,70,0
シチズン・システムズ,41,2
ピップ,2,0
リズム時計工業,42,0
ヘルスエンジン,10,0
ドンキーボックス,32,0
アイトック,7,0
バンダイ,1,0
クレファー,11,0
ケンコー・トキナー,552,12
ニード,1,0
ワイナック,11,0
アスカ,8,0
アルインコ,48,1
タカラトミーアーツ,22,0
佐藤計量器製作所,13,0
富士パックス販売,11,0
コンテック,24,0
リーベックス,28,0
新東電器,5,0
パアグ,4,0
アネックス,2,0
蛇の目ミシン工業,57,1
日本電興,24,0
リンナイ,768,215
高須産業,65,0
ハッピー金属工業,1,0
ケイ・ジー・ワイ工業,1,0
MSソリューションズ,25,0
TOTO,402,2
アーランド,4,0
LIXIL,100,5
センター商事,11,0
三洋電機,62,11
睦技研,1,0
保土ヶ谷電子販売,1,0
アイオン,2,0
サヌキ,3,0
ホンマ製作所,36,0
セトクラフト,5,0
ノグチ,1,0
富士通ビー・エス・シー,1,0
マッキンリーネクスト,11,0
テスコム,376,222
泉精器製作所,178,72
旭電機化成,31,0
オムロン,2,0
新世代,1,0
HEATEC,15,0
阪和,181,8
アイホン,66,0
セントラル工商,1,0
ミツギロン,21,0
パロマ,355,31
オーエス,118,1
ナレッジ・デザイン,1,0
アテックス,121,0
森永エンジニアリング,7,0
ゼンケン,55,0
静岡製機,22,0
ツインズ,26,0
千住,185,10
椙山紡織,97,0
ブレイン,10,0
オリオン機械,14,0
デンソー,12,0
ユーイング,189,29
サンポット,52,36
ユアサプライムス,323,1
センタック,37,0
華芝ジャパン,18,0
富士ホーロー,9,1
工進,25,0
メトロ電気工業,43,0
TSUTAYASTATIONERYNETWORK,4,0
ダイニチ工業,365,311
日本エー・アイ・シー,78,40
ディンプレックス・ジャパン,18,1
シィー・ネット,33,0
クレオ工業,12,0
エルテック,8,0
エスケイジャパンセールス,63,6
広電,358,0
オークセール,117,25
日本ゼネラル・アプライアンス,73,7
津田商事,4,0
グリム,5,0
ヤーマン,185,7
東芝ライフスタイル,9,1
ロゼンスター,70,0
HUNTKEYJAPAN,1,0
日油技研工業,7,0
P&G,55,6
フジ医療器,55,42
トリコインダストリーズ,27,0
(同)ShuyokaPartners,11,0
MTG,45,0
バイリーンクリエイト,7,0
bnb,2,0
Gクラッセ,21,0
日本ウォール,31,0
オムニ,37,0
ニシトモ,5,0
素数,14,0
明成,1,0
クレハ合繊,7,0
マイクロソリューション,18,0
ファーストレイト,5,0
サムスン電子ジャパン,8,0
ビューティフルエンジェル,5,0
クロシオ,31,0
パラマ・テック,2,0
共立ドクターズラボ,1,0
日興ファインズ工業,1,0
P&G（海外）,92,46
大東電機工業,89,46
クルールラボ,8,0
山二,3,0
マルタカテクノ,4,1
ナジャペレーネ,1,0
丸隆,31,1
シナジートレーディング,30,0
杉山金属,51,0
クイジナートサンエイ,168,30
タイガー魔法瓶,495,184
ティ・ユー・エフ,5,0
和平フレイズ,108,1
デロンギ・ジャパン,157,48
石崎電機製作所,26,0
三ッ谷電機,35,0
エムケー精工,21,11
HARIO,88,1
中央産業,19,1
ティー・エム・ワイ,22,0
グリーンハウス,164,78
ネスレ日本,71,2
日本炭酸瓦斯,2,0
KNチヨダ,31,1
アルファックス・コイズミ,18,1
三洋化成,10,0
Time&Space,6,0
タイジ,13,0
キヤノン,720,187
岩谷産業,38,12
ソリッドアライアンス,20,0
ノア,7,0
Dels,4,0
新津興器,44,0
シービージャパン,9,0
ニシヤマ,42,0
矢嶋屋,6,0
東京瓦斯,138,0
ソウイジャパン,7,0
デジタルランド,1,0
富士珈機,2,0
日本ニーダー,24,0
シェルタートレーディング,16,0
アサヒ,37,0
I.B.S,1,0
マルコメ,1,0
カンサイ,28,0
CJプライムショッピング,44,0
エフ・エム・アイ,56,6
タマハシ,73,1
イサムコーポレーション,54,0
山本電気,23,7
下村工業,19,2
日本グリーンパックス,2,0
中部コーポレーション,20,0
燦坤日本電器,39,1
パール金属,131,0
福農産業,5,0
ブラザー工業,267,73
リコー,125,7
エステー産業,6,0
アクティス,16,0
コクヨS&T,11,0
エコリカ,6,0
アイ・オー・データ機器,92,63
ベンキュージャパン,65,2
サンコー,101,0
EIZO,136,91
エーディテクノ,41,0
マウスコンピューター,80,0
NECディスプレイソリューションズ,237,85
三菱電機エンジニアリング,11,0
クイックサンプロダクツ,10,0
カシオ計算機,134,48
センチュリー,34,0
ウィンテクノ,29,0
スリーエムジャパン,15,0
フューチャーコネクト,2,0
カモン,258,4
ハンファ・ジャパン,17,0
カラテック,10,0
すまいる,4,0
ワコム,3,0
ビーズ,8,0
長尾製作所,11,0
日本フォームサービス,8,0
日晴金属,4,0
フォーサイト,1,0
プラネックスコミュニケーションズ,10,2
ドスパラ,2,0
ルーメン,6,0
イッセイ工業,2,0
オウルテック,4,0
内田洋行,6,0
エスエスエーサービス,17,0
アルファーテック,5,0
アドトロンテクノロジー,22,0
馬印,1,0
キャストレード,2,0
スペックス,1,0
ハヤミ工産,16,0
クックパッドベビー,1,0
ルックイースト,8,0
ニコン,465,157
富士フィルム,197,54
リコーイメージング,364,56
GLOBAL・DC,4,0
アントレックス,52,0
ライカカメラジャパン,137,5
ゲットイット,2,0
TOKYOTRADING,20,0
レッドスパイス,18,0
サミット・グローバル・ジャパン,23,0
Qlix,8,0
マスプロ電工,37,0
キヤノンマーケティングジャパン,78,8
藤田食糧物産,2,0
ケンコープロフェショナルイメージング,11,0
エルモ社,13,0
HOYA,185,8
DKSHジャパン,9,0
京セラ,87,0
マミヤ・デジタル・イメージング,22,0
チノン,3,0
エー・パワー,106,0
GOKOカメラ,1,0
タムロン,92,1
コシナ,154,0
トダ精光,11,0
ニコンイメージングジャパン,2,0
興和新薬,26,7
ニッシンジャパン,1,0
イーグルエンタープライズ,3,0
とうしょう,14,0
オルトフォンジャパン,47,0
ラックスマン,95,1
日本コロムビア,52,0
メース,342,0
東志,32,0
CECホールディングス,37,0
ジェネシスホールディングス,17,0
TOA,22,0
ヴァーテックス,63,0
エスキュービズム通商,20,0
城下工業,9,0
エスケイネット,8,0
DYNAUDIOJAPAN,10,0
アドフィールド,7,0
リリック,3,0
ナスペック,286,0
協同電子エンジニアリング,14,2
コルグ,9,0
日本精機宝石工業,22,0
アール・ダブリュー・シー,6,0
スペック,7,1
ナガオカトレーディング,36,1
佐藤商事,4,0
日光トレーディング,6,0
ポーカロ・ライン,12,0
ベスタクス,6,0
小柳出電気商会,80,0
広華物産,62,0
ナカミチ販売,1,0
REALLIFEJAPAN,41,0
ゾックス,18,1
ダイニチ電子,4,0
カイホウジャパン,12,0
DXアンテナ,22,1
プロスペック,8,0
アズマ,24,0
マザーツール,9,0
コロナ電業,2,0
ジェイ・ヴォックス,1,0
コモライフ,87,0
池商,14,0
トップロード,6,0
ガードフォースジャパン,49,2
混沌レコード,4,0
シーマ・ラボラトリー,5,0
AKART,6,0
太陽誘電,1,0
レボリューション,8,0
スタート・ラボ,2,0
アペリアフューズ,6,0
三菱化学,1,0
富士メディック,6,0
ドリームファクトリー,12,0
ヴァルテックス,11,0
ベストキャリー,6,0
ファミリーイナダ,44,36
的場電機製作所,12,0
ワコートレーディング,11,0
東京企画販売,13,0
寺西商事,17,1
ファイテン,2,0
日本オムニグロー,3,0
ホーマーイオン研究所,1,0
ほんやら堂,1,0
アレック,2,0
フジキン,26,1
メテックス,24,0
川崎精機製作所,8,0
イモタニ,18,0
電響社,97,1
タバタ,6,0
コーポ,1,0
デンケン,2,0
ベッスル,4,0
新協和産業,1,1
日本精密測器,12,0
太知ホールディングス,16,1
中旺ヘルス,1,0
アルファックス,8,0
エースインターナショナルジャパン,1,0
サニア工業,1,0
ムサシ,103,0
山真製鋸,31,0
モトユキ,335,0
スエカゲツール,50,0
河部精密工業,54,0
TJMデザイン,44,0
藤原産業,532,11
アルファ工業,6,0
三共コーポレーション,15,0
ホーザン,14,0
シアターハウス,193,4
キクチ科学研究所,413,11
泉,46,8
ナビオ,43,1
ヤマハミュージックジャパン,3,0
栄紙業,3,0
ALBEDO,2,0
イーストン,16,0
サイテック,2,0
開明,2,0
ロア・インターナショナル,1,0
映像センター,12,0
マルニ木工,1,0
トップ・ワン,1,0
ハクバ写真産業,55,0
TEAMジャパン,2,0
ズーム,3,0
ボーダレス,5,0
A1インターナショナル,331,0
コムワークス,2,0
アイ・ティー・エス,2,0
吉田産業,65,0
長堀工業,11,0
イノベイション,8,0
キャネット,6,0
Dr.Aires,1,0
誉,3,0
ジャパンギャルズ,43,0
ニーズ,7,0
レダ,8,0
イーグルジャパン,22,0
コジット,4,0
徳安,2,0
RITZ,17,0
遊歩人,13,0
クレイツ,82,1
ヴォーグインターナショナル,2,0
BEJOY,1,0
LABOWELL,2,0
グッズマン,1,0
ベス工業,2,0
瀧川,4,0
ナリス化粧品,2,0
エレス,38,0
アプライド,2,0
トレンドサプライ,1,0
SHO-BI,15,0
三ッ星貿易,38,0
amadana,17,0
三栄水栓製作所,91,0
カクダイ,41,0
アルミス,7,1
濱田プレス工藝,8,0
積水樹脂,10,0
ケーブイケー,15,1
ケィ・マック,1,0
新生産業,3,0
オーニット,6,0
岩渕ウェルネス,9,0
カドー,22,2
トライウイン,14,0
テプロス通商,2,0
クラフトワーク,4,0
Praxi,8,0
ウィキャン,21,0
INBYTE,22,0
マルマンプロダクツ,24,0
フロントランナー,4,0
バルミューダ,25,2
大作商事,16,0
インターフェスト,7,0
松木技研,10,0
旭東,2,0
自然,10,0
カンキョー,3,0
オーサワジャパン,1,0
TOHO,14,0
アンドーインターナショナル,54,0
ミクニ,13,0
アスコジャパン,1,0
リアルシステム,8,0
エムケイエンタプライズ,8,0
イトウ,33,0
東江物産,3,0
サンリオ,4,0
ベセトジャパン,22,0
タカラトミー,14,0
後藤,4,0
サン自動車工業,4,0
エム・エイチ・シー,4,0
スケーター,16,1
ヨシカワ,12,0
クリヤマ,9,0
高木金属工業,11,0
三協,5,0
ホシザキ電機,20,0
江部松商事,18,0
山勝美濃陶苑,1,0
旭金属,5,0
ネスター,3,0
カースル,13,0
森井,2,0
アペックスハート,1,0
曙産業,8,0
ジェーピーエヌ,4,0
ワイ・エス・エヌ,6,0
シェンペクス・インターナショナル,1,0
レキットベンキーザー・ジャパン,3,0
ホーチキ,2,0
ジー・ディー商事,21,0
グループセブジャパン,41,6
秋月貿易,16,0
太陽工房,1,0
瀧住電機工業,131,7
ユーワ,54,12
コベント・ガーデン,12,0
エルックス,155,0
東京メタル工業,333,0
キューブ,59,0
アートワークスタジオ,80,0
フレイムス,62,0
富士工業,10,0
トヨスター,5,0
MERCURY,25,0
彩光デザイン,64,0
中央自動車工業,3,0
豊光,4,0
エンペックス気象計,179,0
クレセル,24,0
エー・アンド・デイ,14,0
東心,2,0
富士パーツ商会,76,1
サエクコマース,97,0
WiseTech,58,0
イー・エム・エー,17,0
竹内電機製作所,81,1
エイム電子,94,2
KRYNA,39,1
ハイパーツールズ,13,0
前園サウンドラボ,81,0
アクロジャパン,34,0
フルテック,105,0
ナノテック・システムズ,21,0
ティグロン,19,0
ベンチャークラフト,26,0
ミックスウェーブ,55,0
ランサーリンク,12,0
ひさご電材,4,0
NTTドコモ,31,0
バイオスケール,7,0
ブライトンネット,40,0
ジイテックス,1,0
IREMONO,2,0
ラトックシステム,16,0
アレグロ,5,0
イーケイジャパン,6,0
ユニペックス,12,0
サイズ,1,0
CSR,1,0
ディーフ,3,0
エムケー電子,1,0
ソニーモバイルコミュニケーションズ,9,0
ラディウス,42,0
ハシモト,49,0
オズマ,37,0
二幸電気工業,4,0
フォースメディア,7,0
サーモス,35,3
シー・エフ・デー販売,1,0
ザウンドインダストリートウキョウ,76,0
エイトワン,4,0
アークス,5,0
ニクソントウキョウジャパン,17,0
イワヤ,2,0
エム・ティ・アイ,1,0
パストラルシンフォニー,1,0
トーホー,56,0
イツワ商事,6,0
ソフトバンクコマース&サービス,23,0
ディービーテクノロジー,6,0
プロテック,3,0
ラナ,4,0
アイシン高丘,3,0
ボザール,4,0
ヨコヤマコーポレーション,2,0
ヒビノインターサウンド,5,0
F3ジャパン,1,0
zionote,3,0
せいらく,8,0
アビッドテクノロジー,2,0
スタジオ・エヌ,1,0
吉崎木製工業,3,0
シンラクリエイション,5,0
ビクターアドバンストメディア,2,0
アーツ・インテリジェンス,3,0
横浜ベイサイドネット,3,0
サントラスト,2,0
リンケージ,19,0
エムアイセブンジャパン,7,0
NDS,2,0
来夢,2,0
シネックスインフォテック,2,0
BELEX,8,0
銀座十字屋,13,0
デイトリッパー,6,0
ハック,10,0
アーク・ヒル,3,0
デザインファクトリー,4,0
TTR,5,0
モアベスト,7,0
東京防音,5,0
ワイエスティー,1,0
日本エレクトロ・ハーモニックス,6,0
コニシス研究所,1,0
ミスターカード,1,0
グルマンディーズ,136,0
AMIインターナショナル,2,0
AlphaMega,2,0
クラリオン,1,0
メディア・インテグレーション,5,0
ピエラス,1,0
スムージィ,2,0
アール・エム,3,0
双日マシナリー,29,0
GAC,1,0
デバイスタイルホールディングス,45,9
さくら製作所,4,0
マルカイコーポレーション,5,0
ジーマックス,24,0
角田無線電機,4,0
IDEX,4,0
日動工業,9,0
鯛勝産業,5,0
アックスブレーン,3,0
ワイ・エス・パークプロフェッショナル,3,0
ダルトン,18,0
坂謙,4,0
サンウエイ,1,0
大河商事,14,0
日本トラストテクノロジー,6,0
グリーンライフ,10,0
アイエヌティー,1,0
高久産業,6,0
イーワテック販売,5,0
河島製作所,4,0
トータル・アイ,7,0
三京,8,0
咲来良,3,0
ナカムラ,131,0
東谷,79,0
協立工芸,28,0
丸栄木工所,51,0
静和YBJ,9,0
日本エスピー工業,35,0
日美,49,0
栗山米菓,1,0
ダイケン,7,0
サカベ,12,0
ヤマキヨ,1,0
萩原,42,0
おおたけ,8,0
瀬戸内通商,3,0
ワイズ,6,0
ワタナベ工業,6,0
伊藤忠商事,2,0
プロスタッフ,1,0
ヒロックス,10,0
SLC,1,0
ウィナーズ,68,0
ピーコック魔法瓶工業,87,0
KOM,10,0
アピデ,10,0
ノーリツ,60,0
山岡金属工業,20,0
ハーマン,83,0
大阪瓦斯,68,2
伸晃,3,0
UCC上島珈琲,82,0
メリタジャパン,72,12
大石アンドアソシエイツ,24,0
カリタ,188,2
アートナップ,1,0
フジ産業,2,0
セイコー珈琲,2,0
ラッキーコーヒーマシン,11,0
ハッピージャパン,36,0
カナエ紙工,4,0
コールマンジャパン,31,0
キーコーヒー,3,0
東レ,70,21
富士器業,6,0
ダッチウエストジャパン,16,0
HUROM,11,0
貝印,55,2
新和トレーディング,2,0
インターポートインターナショナル,2,0
KARENHUROMJAPAN,2,0
三宝産業,3,0
レック,10,0
チェリーテラス,16,0
ジョワイユ,1,0
ハルショウライフ,1,0
オークス,1,0
サナーエレクトロニクス,12,0
宮崎製作所,4,0
丸山技研,10,0
明石水産,1,1
優文,1,0
ユーレックス,29,4
メインライン,9,0
リュミエリーナ,8,0
カシムラ,75,9
GMJ,48,0
ヴァイン,7,0
サンビー工業,1,0
ハイ・メイク,19,0
よこやま,5,0
大阪ブラシ,23,0
ライト,2,0
キャン,1,0
三信,4,0
三木電器産業,12,0
ジェニュイン,6,0
エス・アイ・サプライ,4,0
ミニマム,33,0
ライオン,3,0
朝日医理科,3,0
サンスター,19,0
コスミック,2,0
アジアネットワークス,23,0
ファミリー・サービス・エイコー,6,0
ヒーローグリーン,19,0
三井物産,2,0
伊藤超短波,8,0
シェリオン,5,0
アイメックスコンサルティングデビジョン,14,0
モトローラ・モビリティ・ジャパン,5,0
トップランド,11,0
三宝商事,5,0
アリイズ,1,0
JUKI,81,13
ジャガーインターナショナルコーポレーション,25,12
ジューキ,26,0
ブラザー販売,1,1
東洋精器工業,10,0
潮出版社,1,0
林工芸,15,0
ジェントス,20,3
リヒトラブ,3,0
新日本照明,33,0
アクティブ,28,0
エス・ティー・イー,4,0
不二貿易,33,0
コニカミノルタビジネスソリューションズ,8,0
あまの,3,0
イシグロ,71,0
東邦金属工業,6,0
アイテック,4,0
奈良木建,2,0
アイ・システムネットワーク,2,0
日本瓦斯,2,0
ニシガキ工業,8,0
スターエム,81,0
グーリングジャパン,92,0
ベッセル工業,98,0
ユニカ,260,0
ミツトモ製作所,144,0
神沢鉄工,25,0
ヤマハモーターパワープロダクツ,18,0
白光,27,0
ワキタ,5,0
本田技研工業,37,0
L&P,2,0
パワーテック,29,0
大自工業,1,0
カクセー,17,0
キソパワーツール,48,0
県央貿易,10,0
アネスト岩田,296,0
日本エリートグループ,6,0
日本アイ・ビー・エム,9,0
多摩電子工業,85,0
JBアドバンスト・テクノロジー,7,0
富士通アイソテック,3,0
沖データ,41,0
スター精密,2,0
澤藤電機,6,0
サンデン・リテールシステム,9,0
大沢商会,1,0
威風堂,4,0
エスコ,86,0
ディバーシー,1,0
イーアンドケー,3,0
東レインターナショナル,9,0
リンレイ,1,0
オノマシン,1,0
未来工業,3,0
アマミ,1,0
フライト,2,0
フジカ,1,0
アールシーエス,5,0
星光商事,4,0
朝日エルニック,1,0
日本船燈,1,1
ニチネン,7,0
永田金網製造,1,0
石丸合成樹脂,5,0
グロウアップ,2,0
バクマ工業,4,0
サンダイヤ,9,0
ニッセイ,7,0
岩谷マテリアル,1,0
プロモート,8,0
タニカ電器,8,0
みのる産業,5,0
フジコトレーディング,1,0
水田工業,2,0
エコ・クリーン,5,0
島産業,5,0
タカショー,2,0
東北環境,1,0
サクラエコクリーン,1,0
三菱レイヨン,59,1
グランドデュークス,15,1
日本碍子,9,4
BRITAJapan,10,0
キッツマイクロフィルター,26,0
エレメンツ,6,0
タカギ,5,0
水友,7,0
マルチピュアジャパン,22,0
クリタック,35,0
ロキテクノ,2,0
水生活製作所,12,0
日本トリム,3,0
日昌医療器,1,0
プレム,4,0
八光工業,7,0
メイクビー,6,0
アズスタイル,8,0
ユニック,9,0
アルバジャパン,14,0
アミジェス,1,0
I-ne,3,0
トライトーン,1,0
オルゴ,27,13
ミラリード,9,0
トーマスインターナショナル,1,0
日理,1,0
三松テックス,2,0
藤田商会,2,0
ゼネック,1,0
パパジーノ,1,0
LAVIE,2,0
富士商,7,0
SPREAD,2,0
興栄工業,10,0
ファイン,6,0
清水電機工業,6,0
レミックス,3,0
アルファP,5,0
檜山製作所,1,0
オリエント,4,0
ヴィトラ,3,0
星浦實業,5,0
クロバー,3,0
富士見産業,1,0
正木産業,1,0
福昌,1,0
スターリング,8,0
コスモテクノ,3,0
バーテックススタンダードLMR(同),2,0
アオヤギコーポレーション,21,0
エフ・アール・シー,2,0
アデッソ,7,0
東芝コンシューママーケティング,3,0
アールアイジャパン,8,0
レッツ・コーポレーション,3,0
青木製作所,1,0
ジュエ,14,0
サトー商事,49,1
ビクセン,482,37
ミザール,96,1
ニコンビジョン,91,1
アドウエーブ,29,0
カールツァイス,57,1
サイトロンジャパン,105,0
阪神交易,59,0
エッシェンバッハ光学ジャパン,2,0
レイメイ藤井,29,0
ジェイビーエス,1,0
東京セイル,4,0
ミックインターナショナル,5,0
ブッシュネル・アウトドア・プロダクツ・ジャパン,1,0
マキノトレーディング,41,0
大和製衡,5,1
アトラス,6,0
グローバルプロダクトプランニング,16,0
ホーリック,7,0
シチズン時計,4,0
カスタム,1,0
メルクロス,21,0
アクシス,6,0
琳聡堂,1,0
レマコム,12,0
明光商会,1,0
ハタ鉱泉,1,0
ブランケネーゼ,1,0
日東工器,60,0
新興製作所,8,0
柏書店松原,1,0
日本マイクロソフト,6,0
マスタードシード,3,0
シグマエーピーオーシステム販売,4,0
コレガ,13,0
プレクス,7,0
ソリッド,2,0
セレン,9,0
グリーンフラッシュジャパン,1,0
スキャンデックス,7,0
seca,4,0
羽立工業,1,0
コヴィア,4,0
協和工業,7,0
富士ゼロックス,36,0
グラフテック,3,0
リックス,17,0
テレホンリース,47,0
ジェイドコーポレーション,21,0
PGA,21,0
アクセス,48,0
ウイルコム,8,0
藤本電業,40,0
セイワ,17,0
BCジャパン,15,0
テムコジャパン,1,0
インプリンク,12,0
アビリティークリエイト,1,0
リーダーメディアテクノ,4,0
星光産業,1,0
ゲート,6,0
フリーコンセプト,1,0
アーニー,3,0
ダイヤテック,1,0
ソフトバンク,20,0
アオヤマ,1,0
レイ・アウト,3,0
読売新聞社,2,0
405,6,0
コイズミファニテック,23,0
ジャストコーポレーション,4,0
芳国産業,7,1
ノバック,4,0
創和,2,0
不二サッシ,3,0
旭光電機工業,37,0
ミヨシ,8,0
セブン・セブン,10,0
大西賢製販,1,0
八幡化成,1,0
グロリア魔法瓶製作所,7,0
現代百貨,3,0
イチネンTASCO,30,0
谷村実業,3,0
モトデザイン,28,0
協和ハーモネット,13,0
フィフティスクエア,7,0
クロスワーク,1,0
プレステージ,1,0
SkullcandyJapan(同),46,0
スタックス,19,2
サンハーティネス香産,3,0
ファイナルオーディオデザイン事務所,19,0
ミックススタイル,27,0
桜木電子,11,0
Rise,1,0
CS,20,0
ノルコーポレーション,5,0
津田商会,2,0
オーセラス販売,13,0
トレードワークス,21,0
シースピリッツ(同),9,0
キョーリツコーポレーション,1,0
サトレックス,2,0
荒井貿易,1,0
ウィズ,5,0
COBYMANUFACTURINGCOMPANY,7,0
PHONON,1,0
モバイルキャスト,2,0
タイムロード,4,0
ハイ・リゾリューション,1,0
フックアップ,3,0
ジップコーポレーション,1,0
メモリー電子,1,0
伊藤屋国際,5,0
アメディア,3,0
愛罐コーポレーション,19,0
ナイコム,1,0
マグレックス,2,0
ケーメディヤ販売,1,0
エムアイビー,1,0
テクレッドジャパン,3,0
パトライト,4,0
兼松,1,0
マイクロンジャパン,1,0
オーツカ光学,42,0
ソニーマーケティング,1,0
パイオニアホームエレクトロニクス,4,0
富士,3,0
ダイワインダストリ,2,0
アドテック,3,0
MVPenテクノロジーズ,1,0
勝山,3,0
スペックコンピュータ,3,0
海信日本,10,0
楽天,4,0
MONEUALJAPAN,4,0
ネイトロボティクス,10,0
田中金属製作所,1,0
サタケ,2,0
丸山製作所,8,0
MOASTORE,3,0
アームテック,5,0
NICHIWA電子,6,0
MitsumaruJapan,9,0
ピクセラ,7,0
ディーオン,2,0
ソフィアデジタル,1,0
ミュージックバード,3,0
アキバストック,1,0
ユニデン,2,1
ミニー,1,0
サン電子,4,0
オーレック,4,0
廣瀬無線電機,4,0
スマイル,5,0
ユーシン,1,0
西川産業,4,0
プロクター・アンド・ギャンブル・ジャパン,1,0
アイアン,4,0
スカイライトコーポレーション,1,0
ミヤビックス,2,0
ロジテックINAソリューションズ,19,0
オリエントコンピュータ,8,0
サンディスク,1,0
日本電信電話,2,0
プラタ,13,0
インテック,1,0
タフコ,4,0
ジャパンポーレックス,2,0
青芳製作所,11,0
清水産業,7,0
オリエンタル,2,0
アイデック,19,0
アビライト,1,0
オプテックス,23,0
スパイス,23,0
グリーンエージェント,4,0
日本セラミック,21,0
東出漆器店,23,0
グローバルフォルムコンクリート,3,0
かのりゅう,3,0
シック・ジャパン,2,0
メルシー,9,0
ワイドシステム,1,0
ミック,1,0
パイモア,6,0
フェザー安全剃刀,1,0
坂本ラヂヲ,2,0
タジマモーターコーポレーション,41,0
スガイエンタープライズ,1,0
京商,11,0
ファースト・ランニング,4,0
淡野製作所,1,0
コニカミノルタ,3,0
トーエイライト,1,0
サンエックス,2,0
Asustek,38,0
エイスース,1,0
日本ヒューレットパッカード,6,0
IBM,22,0
Samsung,2,0
日本HP,1,0
ブロードウォッチ,2,0
Asus,6,0
ブラックマジックデザイン,12,0
KOUZIRO,7,0
hp,2,0
Lenovo,86,0
ASUSTek,1,0
ユニバーサルシステムズ,2,0
テクノ,1,0
日本プラントロニクス,7,0
MIPOW,5,0
光熔材,1,0
アールオーエヌ,8,0
長谷川電機,1,0
SDITechnologies,2,0
ALOAudio,7,0
MiPow,2,0
LEPINTERNATIONAL,2,0
Plantronics,8,0
丸七,3,0
DigitalBlue(デジタルブルー),3,0
Philipsフィリップス,1,0
マキタ,736,49
レイコップ,3,0
マキタ(Makita),4,1
ケルヒャー(KARCHER),29,0
アーネスト,4,0
Karcher,3,0
ケルヒャージャパン,3,0
KARCHER(ケルヒャー),1,0
ボッシュ/BOSCH,14,0
BOSCH(ボッシュ),238,10
Karcher(ケルヒャー),7,0
ETGJapan,6,0
シーバイエス,4,0
掃除機,1,0
TKG,14,0
ケルヒャー,7,0
iRobot(アイロボット),4,0
Numatic(ニュマティック),2,0
ミーレ・ジャパン,14,0
マルナカ,1,0
ドリームメーカー,2,0
リス,1,0
Dyson,1,0
dyson(ダイソン),2,0
Electrolux(エレクトロラックス),7,0
寺田ポンプ製作所,1,0
エレクトロラックス,7,1
NIVAC,1,0
キョーワクリーン,7,0
サティスボンバー,1,0
BOSCH,40,0
iRobot,12,0
アズマ工業,1,0
小久保工業所,3,0
大一産業,2,0
H&C技術研究所,4,0
ディーエイチシー,2,0
大一商事,3,0
スカイライフ,1,0
Miele,5,0
KARCHER,60,4
日本ケミコス,1,0
近畿用品製造,1,0
ロイヤル通販,4,0
LYNNINKOOP,1,0
ヴィンテージ・プロダクションズ&コンサルティング,1,0
キリンビバレッジ,1,0
シンワ測定,14,0
GARMIN(ガーミン),20,0
東京磁石工業,2,0
秦運動具工業,4,0
POLAR(ポラール),5,0
グリーンオーナメント,4,0
エバニュー,3,0
美貴本,35,0
アキレス,37,0
フジックス,57,0
RIP-TIE,8,0
春日,1,0
末広,10,0
FS,1,0
日辰電機製作所,1,0
サンフレックス,215,0
アビタックス,4,0
SteelSeries,4,0
三菱アルミニウム,8,0
高森コーキ,2,0
富士電線工業,2,0
ユピテル,1,0
テンパール工業,2,0
よし与工房,1,0
セイキ販売,2,0
杉田エース,4,0
サンハヤト,1,0
ハインズワーク,11,0
アイラボファクトリー,1,0
親和産業,1,0
アークランドサカモト,30,0
エネゲート,1,0
東芝マテリアル,1,0
アール,1,0
三宅化学,8,0
ダイソン,8,0
ニッチ,1,0
西和産業,1,0
ユーザー,1,0
ZACKGMBH,4,0
PHILIPS(フィリップス),29,1
フラックス,4,0
日省エンジニアリング,1,0
名優,3,0
チトセ,1,0
秋田住友ベーク,2,0
フジマイクロ,3,0
ブルークロス,1,0
BRAUN(ブラウン),3,0
イマムラ,1,0
トリア・ビューティ・ジャパン,4,0
柳瀬,9,0
サンパック,3,0
koizumi,2,0
フォーク,1,0
松吉医科器械,1,0
貝印カミソリ,1,0
アルケア,2,0
川嶋工業,5,0
堀内鏡工業,2,0
ユニバーサル,5,0
日本綿棒,1,0
ウェルチ・アレン・ジャパン,2,0
アンティバックジャパン,10,0
川本産業,1,0
MISFITWEARABLE,13,0
瑞光メディカル,1,0
サキ,2,0
タケダコーポレーション,1,0
ミガロ,2,0
AKAISHI,7,0
丸福商会,2,0
高嶌,3,0
日章工業,2,0
ホーム・スキノベーションズ・ジャパン(株),1,0
アラミック,2,0
ライブエンタープライズ,3,0
オムロンコーリン,1,0
こどものかお,1,0
アポロ医療機器株式会社,1,0
Solis(ソリス),12,0
T-fal(ティファール),14,0
ドール,9,0
ブラウン,5,1
東亜金属,9,0
Bodum(ボダム),38,0
ミヤオカンパニーリミテド,5,0
山崎実業,15,0
梶原産業,2,0
エイケイ舎,1,0
トーリ・ハン,3,0
ダイショウコーポレーション,1,0
ハミルトンビーチ,6,0
NYプランニング,14,0
シルバーアイ,3,0
カノー,2,0
ノアファミリー,2,0
トモ・コーポレーション,3,0
メイダイ,1,0
エビス,7,0
ウェルリッチ,1,0
PHILIPS,57,8
山研工業,1,0
永光,5,0
レアック・ジャパン,3,0
ヒューレット・パッカード,6,0
キヤノンファインテック,2,0
コクヨ,6,0
ヒューレットパッカード,1,0
GeChicCorporation,1,0
ニューエックス,1,0
タッチパネル・システムズ,13,0
エルゴトロン,2,0
光興業,8,0
ATEN,1,0
AOC,1,0
福山商事,2,0
シグマ,48,0
パワーショベル,5,0
フーヴィ,1,0
飛鳥,1,0
チクマ,1,0
LOMOGRAPHY,1,0
近代インターナショナル,23,0
コキン,238,0
キポン,22,0
CAMBRIDGEAUDIO,4,0
シーアンドシー・サンパック,3,0
ユーエヌ,15,0
JJC,8,0
サムヤン,20,0
ノボフレックス,10,0
アクシスコミュニケーションズ,19,0
ブロニカ,6,0
NEXX,7,0
KIPON,7,0
マルミ光機,109,0
レンズベビー,6,0
ラムダ,1,0
堀内カラー,3,0
ケンコー,9,0
METABONES,1,0
中一光学│ZHONGYIOPTICS,1,0
ライカ,1,0
エコー商会,2,0
銀一,3,0
クラカメラ,56,0
THORENS,9,0
DEE,3,0
イースタンサウンドファクトリー,6,0
トーレンス,6,0
アビー,14,0
SHURE,13,0
CarotOne,1,0
プロジェクト,7,0
Pro-Ject(プロジェクト),1,0
iFiAudio,3,0
Knosti,2,0
ortofon,10,0
QNAP,1,0
ケンブリッジオーディオ,4,0
IONAudio,1,0
オンキヨー&パイオニア,4,0
プランテック,2,0
アイテム,2,0
アーウィンジャパン,4,0
アップル,1,0
MoserBaer,1,0
OPPODigital,5,0
メディアクラフト,1,0
モモインターナショナル,1,0
満天社,2,0
朝日技研工業,1,0
トレードワン,1,0
オフィックス,5,0
木曽工芸,1,0
エイコー,1,0
エックスワン,2,0
TH,1,0
Cut&Paste,1,0
e-chance,3,0
エボリューション(evolution),6,0
makita(マキタ),15,1
マーベル,44,0
マヤ工業,65,0
チップソージャパン,62,0
ハウスビーエム,703,0
イトー,70,0
バーコ,55,0
アサダ,21,0
ロブテックス,53,0
三京ダイヤモンド工業,19,0
岡田金属工業所,11,0
フナソー,42,0
レッキス工業,37,0
大同興業,87,0
北村製作所,2,0
やまびこ,32,0
オグラ,1,0
ナカヤ,3,0
神東工業,45,0
大見工業,47,0
サンコーミタチ,8,0
育良精機,6,0
ナニワ研磨工業,7,0
高芝ギムネ製作所,11,0
ウイニングボアー,61,0
ハートフル・ジャパン,3,0
リーベ,1,0
コンヨ,9,0
小山金属工業所,4,0
松阪鉄工所,3,0
スナップオン・ツールズ,1,0
ニューレジストン,5,0
ジェフコム,9,0
Makita,39,19
小林鉄工所,1,0
LENOX(レノックス),3,0
furuyama,1,0
内外金物,1,0
makita,1,0
株式会社マキタ,1,0
和コーポレーション,2,0
makitaマキタ,1,0
大澤ワックス,1,0
YSEコーポレーション,7,0
エリートスクリーン,4,0
共立電気計器,2,0
DNPフォトルシオ,3,0
JPLAMP,1,0
Elitescreens,1,0
サクラクレパス,3,0
Motorola,2,0
EliteScreens(エリートスクリーン),1,0
三和電気計器,1,0
ビューソニック,3,0
モービルネット,1,0
ファイブ&ファイブ,1,0
ノーブランド品,1,0
ジーナス,13,0
SPGadgets,1,0
コダック,1,0
エル・ピー・エル,2,0
HATCH,27,0
"Looxcie,Inc",2,0
ElectricalCentre,2,0
REC-MOUNTS(レックマウント),2,0
アンデックス・ユウ,29,0
ジョビー,8,0
DJI,4,0
Replay,59,0
レックマウント,28,0
エスピーガジェット,2,0
アナングインテル,2,0
Polaroid,4,0
ポラロイド,9,0
Knog,4,0
シマノ,6,0
グローリッジ,4,0
REC-MOUNTS,15,0
ニュー・デルタ・トレーディング,1,0
タムラック,2,0
BRUNTON,3,0
浅沼商会,5,0
ハイテックマルチプレックスジャパン,2,0
スリー・アールシステム,13,0
いいよねっと,5,0
ファイアスター,1,0
"HitecMultiplexJapan,Inc.",1,0
SilverCreationInternational,2,0
"ShuoingDigitalSciencCo,Ltd",2,0
Looxcie,1,0
アネット,1,0
パロット,2,0
AEETechnology,1,0
Contour,1,0
アンシャンテ,1,0
トランセンド・ジャパン,1,0
マンフロット,2,0
スワロー電機,1,0
エムシービケン,1,0
ワールドジェイビー,3,0
ミツワ,1,0
ファンタメルー,4,0
遊気創健美倶楽部,1,0
シェモア,2,0
エクセレントメディカル,4,0
アセック,1,0
プランドゥ,2,0
ユリシー,1,0
渡久クリエイト,1,0
ビーティフィック,4,0
クー・インターナショナル,1,0
アットワーキング,2,0
クリニーク,1,0
Yu-2企画,1,0
TBCグループ,1,0
ヒロセ電子システム,1,0
サニーライフジャパン,1,0
協和,2,0
HNS,1,0
ノーブル,1,0
ライフテック,1,0
マクセルスマートコミュニケーションズ,1,0
エドニス,1,0
evolve,1,0
テクノトレード,1,0
リンクス,1,0
セブンシーズ,1,0
アンジュエール,1,0
ブランディングジャパン,2,0
コーセートレーディング,1,0
ナチュレ,4,0
ホーコーエン,1,0
ST,2,0
トキマ,1,0
生活の木,2,0
大友商事,3,0
AEG,2,0
Dometic(ドメティック),1,0
ドメティック,1,0
ゴイチ,1,0
サナダ精工,2,0
ユニチカトレーディング,2,0
アイセン,1,0
和気産業,3,0
ジェイトップ・ユーコー,1,0
東和産業,3,0
ソーゴ,2,0
ノムラテック,1,0
Blueair,5,0
寺田電機製作所,2,0
THESHARPERIMAGE(シャーパーイメージ),2,0
マスクフジコー,8,0
ヘルスリードジャパン,2,0
ピュアリビング,1,0
フェローズジャパン,2,0
電興社,2,0
カールテクノ,1,0
コーウェイ,1,0
日本ビジネスプラン,3,0
インターリンクス,2,0
バイオイオナース,2,0
ホリスティックホールディングス,1,0
T&TCORPORATION,1,0
ネイビー,2,0
アクター,1,0
SCIAsiaLimited,1,0
ANDREA,1,0
SiB,1,0
YO-KO,1,0
サンメニー,2,0
サカイトレーディング,3,0
エストゥエス,1,0
ミタニ,4,0
美健,6,0
ケイランド,1,0
宮地商会,1,0
伊原企販,6,0
西日本陶器,12,0
竹原製罐,2,0
イシガキ産業,28,0
イノマタ化学,2,0
鳴海製陶,1,0
OXO(オクソー),6,0
東彼セラミックス,2,0
小倉製作所,1,0
アスベル,3,0
旭化成ホームプロダクツ,1,0
セイワ・プロ,1,0
カミオジャパン,10,0
カネセ,2,0
アルファミック,1,0
ツクバ,1,0
川崎合成樹脂,4,0
幸和製作所,2,0
AGCテクノグラス,6,0
アサヒサンレッド,11,0
クオカプランニング,4,0
ボーマ,54,0
クイジナート,1,0
guzzini(グッチーニ),1,0
畑屋製作所,3,0
サンヨウ,312,0
ミネックスメタル,1,0
ビートソニック,1,0
クレエ,2,0
東洋マーク製作所,3,0
スカイニー,1,0
シースター,2,0
ナガノファクトリー,1,0
茶谷産業,1,0
JACOBJENSEN(ヤコブ・イェンセン),2,0
アイシー,2,0
アズワン,2,0
ホルベイン画材,1,0
伊東屋,1,0
エーオーアイ・ジャパン,1,0
タツミ楽器,14,0
ネットワークジャパン,5,0
リンディー・セールス,2,0
コイケ,3,0
マッキントッシュ,8,0
Gammac,1,0
GriffinTechnology,6,0
エスカート,5,0
インタフェース,3,0
モンスターケーブル,3,0
ALOaudio,2,0
ホワイトエバー,2,0
ラナップ,6,0
ホットワイヤーズ,1,0
アヴィニティ,1,0
Panasonic,610,1
NEC,148,5
富士通東芝モバイルコミュニケーションズ,1,0
au,3,0
Apogee,1,0
Sharp,2,0
Toshiba,1,0
Sonymobile,1,0
ニューフォース,2,0
BEHRINGER,8,0
オンズ,1,0
PSAUDIO,1,0
ベリンガー,3,0
アブソリュート,1,0
CambridgeAudio,1,0
ローテル商事,1,0
PHONIC,2,0
CypherLabs,2,0
ニシケン,1,0
第一電波工業,13,0
F.G.S,1,0
モニターオーディオ,13,0
ウルトラエックス,2,0
Maxampere,5,0
アウトドアテック(OUTDOORTECH),8,0
handcandy,2,0
Philips,17,0
tangent,2,0
B&Oplay,3,0
エラック,3,0
NEUMANN,1,0
Parrot,4,0
アンドグラッド,2,0
日本ポステック,1,0
Superlux,8,0
BoneCollection,1,0
ONKYO,21,2
MACKIE,2,0
Moshi,4,0
TDK,5,0
ラジカル,1,0
ドリーム・ワールド,1,0
eiYAAA,4,0
ディナウディオ,3,0
INCIPIO,1,0
AKG(HIBINOPRO),1,0
RCF,1,0
ラウダ,1,0
SCOSCHE,3,0
Gibson,3,0
エプソン,1,0
Skullcandy,12,0
エンポリオ,1,0
MonitorAudio,2,0
non,3,0
アクロス,1,0
SBA,1,0
Satechi,2,0
Sanus,1,0
アイファイ・オーディオ,1,0
SummerLand,18,0
KRK,1,0
Centrance,1,0
ノボル電機,1,0
Remainderband,1,0
FirestoneAudio,1,0
AntelopeAudio,1,0
FannyWang,1,0
クレトム,1,0
アンツ,2,0
慶洋エンジニアリング,2,0
エッチ・エヌ・ビー販売,1,0
フィールテック,1,0
藤田電機商会,1,0
イケヒコ・コーポレーション,36,0
十全商会,2,0
ホームテイスト,33,0
こだわり工房,1,0
ヤマソロ,8,0
滝口木材,4,0
キュービック(同),1,0
武田コーポレーション,2,0
昭光プラスチック製品,2,0
ルーペック,2,0
ビタクラフトジャパン,1,0
ナカシマ,1,0
マルヨシ陶器,2,0
Fissler(フィスラー),2,0
フィスラー,5,0
ダンロップホームプロダクツ,30,0
スター電器製造,2,0
岐阜プラスチック工業,1,0
ネスレコンフェクショナリー,1,0
日本ヒルスコーヒー,3,0
リバーズ,2,0
BIALETTI(ビアレッティ),21,0
イーナ,1,0
南海通商,6,0
RussellHobbs(ラッセルホブス),3,0
PEUGEOT(プジョー),1,0
ネスレ,24,0
本間製作所,3,0
Saeco,1,0
CHEMEX(ケメックス),1,0
石塚硝子,1,0
Melitta(メリタ),5,0
キントー,7,0
メリタ,1,0
日本デキシー,2,0
ツカモト,1,0
stelton(ステルトン),5,0
ボダム,2,0
Swissmar(スイスマール),2,0
ユナイテッドコーヒージャパン,2,0
JURA(ユーラ),2,0
下村企販,2,0
Evasolo,2,0
IBEDA-CHEMIE(GERMANY),1,0
Nespresso(ネスプレッソ),5,0
ホリシン,1,0
RアンドM,1,0
新越金網,1,0
日新商事,2,0
DeLonghi(デロンギ),2,0
セレック,1,0
oster,3,0
Bialetti,9,0
ネスプレッソ,2,0
REVOL(レヴォル),1,0
ディーシーエス,2,0
Bialetti(ビアレッティ),2,0
Saeco(サエコ),2,0
Kuvings(クビンス),3,0
PRINCESS,2,0
EBM,2,0
Style,2,0
オスターOster,1,0
T-fal,15,0
HUROM(ヒューロム),1,0
ティファール,3,0
AdvanTechnology,1,0
ドリマックス,11,0
東洋アルミエコープロダクツ,5,0
オオニシプロフェッショナルビューティサービス,1,0
ハホニコ,2,0
interDesign(インターデザイン),1,0
佐治陶器,1,0
Blomus(ブロムス),1,0
フィットライフ,1,0
フィリップス,26,3
BRAUN,28,7
ZENフィールド,2,0
テムコ,4,0
東洋リビング,1,0
ガストーン,1,0
Philips(フィリップス),3,0
ティーズファクトリー,1,0
ソニッケアー,1,0
ニシダ,1,0
ローネジャパン,8,0
シーブイエス,1,0
P&G(海外),9,0
BRAUNブラウンM-30,1,1
アドミラル産業,1,0
KAWAGUCHI,21,0
サン・プランニング,14,0
トヨタミシン,2,0
アックスヤマザキ,1,0
プロシード,3,0
友愛玩具,1,0
メタフィス(METAPHYS),1,0
マークスインターナショナル,2,0
テーケー名古屋人形製陶,3,0
ジユ,1,0
ペガサスキャンドル,9,0
ムラエ商事,21,0
野澤産業,6,0
ヤマコー,2,0
FDK,1,0
クレール,1,0
日本オイル工業,1,0
大阪漁具,1,0
東洋石創,1,0
平野技研工業,2,0
池永鉄工,32,0
紀陽除虫菊,1,0
大栄産業,5,0
田中文金属,1,0
能登ダイヤ工業,4,0
まるわ,1,0
evasolo(エバソロ),3,0
亀島製陶所,1,0
伊藤産業,5,0
マルサン近藤,2,0
キンカ,5,0
マイン,2,0
三和金属,1,0
長谷川工業所,1,0
ハスクバーナ,2,0
マキタmakita,2,0
(株)マキタ,1,0
エーゼット,7,0
オレゴン,1,0
フジ鋼業,1,0
イシハシ精工,83,0
ミヤナガ,182,0
トップ工業,54,0
不二越,146,0
ベストツール,4,0
清水製作所,4,0
三菱マテリアル,19,0
ライト精機,63,0
日進工具,4,0
ビックツール,25,0
イチグチ,7,0
大西工業,1,0
ニコテック,14,0
サンコーテクノ,8,0
新亀製作所,15,0
ボッシュBOSCH,11,0
光陽社,2,0
ワーカー,2,0
ツボ万,1,0
イリイ,13,0
トランストレード,1,0
スリーエッチ,2,0
ATIMA,1,0
富士重工業,8,0
マイト工業,3,0
デンヨー,3,0
三和製作所,1,0
ラブロス,1,0
ビーワイディージャパン,1,0
シンセイ,3,0
アネスト岩田キャンベル,13,0
日本精器,4,0
京都機械工具,4,0
アサヒペン,2,0
マルハチ産業,1,0
カスタムジャパン,1,0
山陽精工,1,0
立川ピン製作所,2,0
若井ホールディングス,2,0
インガソール・ランド,1,0
ラピッド,1,0
ランズバーグ・インダストリー,34,0
TONE,2,0
八興販売,7,0
近畿製作所,33,0
エアテックス,4,0
前田シェルサービス,4,0
WTBワタベコーポレーション,1,0
十川産業,2,0
HengeDocks,1,0
ディラック,2,0
エルザジャパン,6,0
エコヨーロピアン,1,0
東邦瓦斯,9,0
MightyWallet(マイティウォレット),2,0
イーメックス,2,0
北陸土井工業,2,0
新進商会,2,0
ダクシン,1,0
Wellrich,1,0
ティー・アンド・カンパニー,5,0
リブランコーポレーション,1,0
Brita,14,0
ボンスター販売,14,0
ビクトリージャパン,2,0
愛朋産業,1,0
Terraillon(テライヨン),21,0
BRITA(ブリタ),6,0
三陽プレシジョン,1,0
平成,1,0
エピア,2,0
エムエーパッケージング,1,0
桜井,2,0
岩崎工業,2,0
元気の水,1,0
H2LIFE,1,0
ホームクオリティ,2,0
リラージュ,1,0
アイシーシー,1,0
ジームス,1,0
日健サンゴ,1,0
ミネルジャパン,2,0
シンワ工業,2,0
タローズ,1,0
ディシジョン,1,0
スタイルラッシュ,1,0
VitaRiccos,1,0
クレイダ・,2,0
メディカルONE,2,0
アップマート,3,0
ジースタイル,1,0
ヤスダ通商,1,0
ラッキートレンディ,2,0
武田,1,0
エムテック,1,0
KAMU,1,0
HPL,1,0
丸栄タオル,2,0
WAHL(ウォール),6,0
ユゥ,1,0
WAHL,10,0
WELLA(ウエラ),1,0
GROOMMATE,1,0
NCAインターナショナル,3,0
エフエムコーポレーション,2,0
ImageCraft,1,0
コメット,11,0
クールリバー,8,0
イスペット,1,0
Rothco,1,0
アーテック,14,0
アクセルトレーディング,2,0
グローリッジ株式会社,2,0
aigo,1,0
安原製作所,1,0
ハンザ,10,0
マルミ,4,0
ポニー,1,0
ユーコン,22,0
エッシェンバッハ,4,0
コーワ,1,0
ブルントンBrunton,1,0
ブッシュネル,1,0
TASCO(タスコ),3,0
キャプテンスタッグ,2,0
エツミ,3,0
デジスコドットコム,2,0
DOCTER,3,0
セレストロン,7,0
ESCHENBACH(エッシェンバッハ),1,0
Withings,1,0
エピオス,2,0
ヤマヨ測定機,1,0
ミムゴ,4,0
ユニックスコーポレーション,1,0
セイコーインスツル,1,0
信濃機販,1,0
ヨコタ工業,5,0
空研,1,0
シグネット,1,0
Artecnica,1,0
パークトレーディングス,1,0
電材ネット,2,0
オーブ,2,0
サニック,1,0
原田織物,1,0
マルゼン企画,3,0
キャンブロ,1,0
本間冬治工業,1,0
カーライル,2,0
Dreamfarm,1,0
coway,1,0
ALESSIアレッシィ,1,0
アレッシィ,1,0
ヒロショウ,1,0
一興,1,0
Cuisinart,46,1
toastabags(トースターバック),1,0
オンリーセレクト,2,0
ハニー,8,0
サン・エルメック,3,0
上西産業,1,0
レモラツール,6,0
兼古製作所,31,0
古寺製作所,8,0
山下工業研究所,49,0
中村製作所,17,0
ヤマト自動車,7,0
KTC,1,0
角利産業,1,0
スーパーツール,1,0
ドレメル,1,0
ハヤシ,1,0
喜一工具,5,0
トーコマ,6,0
プロスター,1,0
太洋電機産業,1,0
VIVOTEK,28,0
ネットギア,1,0
BelkinComponents,2,0
スカラ,1,0
louispoulsen(ルイスポールセン),1,0
LeKlint,7,0
コンポジット,4,0
早川繊維工業,2,0
テンヨー,2,0
PLANTRONICS,3,0
ゼンハイザー,17,0
プラントロニクス,5,0
ビッグスター,3,0
Jabra,11,0
ChicBuds,1,0
エー・フリーク,1,0
EtymoticResearch,12,0
マークス,1,0
cellularline,1,0
LIAAIL,1,0
VORNADO(ボルネード),1,0
Vornado(ボルネード),2,0
開発企画,11,0
bigiu,1,0
クイジナートハンドミキサー9段階切替CuisinartHM-90S(ホワイト)【並行輸入】,1,0
MIGHTYBRIGHT,10,0
キクタニ,1,0
MightyBright,5,0
関西通信電線,3,0
Ager,1,0
SUREFIRE(シュアファイア),1,0
ダイトク,1,0
神田商会,1,0
ホープス,1,0
リバティジャパン,1,0
南貿易,2,0
パール通商,1,0
Aladdin(アラジン),8,0
Oster(オスター),1,0
日本洋食器,1,0
JTB商事,1,0
スターバックスコーヒージャパン,1,0
ウッドニー,1,0
中山福,2,0
ジェイテクノ,1,0
Fitbit,3,0
MyKronoz(マイクロノス),2,0
アサヒ興洋,1,0
COGITO(コジト),4,0
ピーエーエス,12,0
積水テクノ商事西日本,1,0
onanoff,5,0
河合楽器製作所,1,0
コンプライ,40,0
アイ・エム・エイ,2,0
Westone,7,0
ShureIncorporated,10,0
MONSTER,20,0
SolRepublic,15,0
HearingComponents,21,0
エンプレイス,3,0
メディコム・トイ,2,0
オンキヨー&パイオニアイノベーションズ,4,0
オッポ,1,0
株式会社エントリージャパン,4,0
SOULElectronics,1,0
RealCable,1,0
バリュートレード,4,0
Suiden,7,1
Comply(コンプライ),4,0
SKULLCANDY,1,0
ULTRASONE,5,0
RHA,2,0
ETYMOTICRESEARCH(エティモティックリサーチ),1,0
WESTONE,2,0
リンクスインターナショナル,2,0
イース・コーポレーション,3,0
ハッピートーク,4,0
Startech,2,0
SMSAudio,5,0
COMPLY(コンプライ),8,0
Apple,38,0
ZoundIndustries,3,0
コペックジャパン,9,0
Aurisonics,10,0
ComplyTM,1,0
ゴールデンダンス,2,0
Onanoff,3,0
JAPANイヤホン製造,3,0
URBANEARS,8,0
HearingComponents社,1,0
NITEIZE(ナイトアイズ),2,0
BravellInc.,2,0
earasers,2,0
ZERO,4,0
SMSAUDIO,4,0
AViiQ,1,0
カキツバタ,4,0
Astrotec,2,0
EarTechnology社,1,0
HeadphoneCentre,4,0
コウォンジャパン,2,0
Audiofly,2,0
AKG,3,0
BEYOND,1,0
ElectricalLand,1,0
若松屋,1,0
moshi,3,0
SOLREPUBLIC,1,0
AERIAL7,1,0
MJSOFT,2,0
CRESYN,1,0
ファニーワング,1,0
C&MAUDIO,1,0
GNNetcom,2,0
中央工営,2,0
スープラ,1,0
Sudio,2,0
大洋水産,1,0
スタンダード,1,0
シーエーアイ,1,0
ロータリー.ヒロ,1,0
ヂャンティ商会,3,0
マコト,1,0
大進,9,0
セキセイ,1,0
アーツ,2,0
ミード,3,0
イーストコライト,1,0
デビカ,1,0
新日本通商,2,0
村上スッポン本舗,1,0
アトム興産,2,0
松川食品,1,0
カートン光学,17,0
フィールドワーク,3,0
泉食品,1,0
倉惣茶商店,1,0
テック,1,0
中尾園茶舗,1,0
大山食品,1,0
島崎蔀商店,1,0
平野商店,1,0
池田レンズ工業,2,0
バザール豆腐,1,0
矢田部レジン工業,1,0
萩野商店,1,0
太郎吉商店,1,0
望月製粉製麺所,1,0
松田豆腐店,2,0
吉田食品工業,1,0
富士園,1,0
丸竹,1,0
中嶋蒲鉾,1,0
八十八庵,1,0
藤本千寿堂,1,0
三国屋豆腐店,1,0
上村農園,1,0
守屋商店,1,0
春日屋食品,1,0
谷海苔店,1,0
四元食品工業,1,0
長谷弘工業,1,0
中村屋,1,0
ワイルドカード,2,0
ワーテックス,1,0
ユニテク,1,0
アクティー,1,0
バイ・デザイン,1,0
エネター,1,0
JAPANCREATE,1,0
コンパル,3,0
テクテク,1,0
ハイウィル,13,0
TOSHIBA,231,106
Acer,43,0
HP,74,0
DELL,36,0
FUJITSU,112,0
SONY,47,7
KEIAN,4,0
SANWASUPPLY,22,8
DOSHISHA,76,13
ELECOM,3,1
logicool,2,0
Electrolux,8,2
NAKATOMI,22,9
CCP,44,5
HITACHI,210,144
IRISOHYAMA,33,4
OHM,49,5
Haier,30,4
dyson,12,0
ザワード,8,0
SHARP,123,73
DAIKIN,135,82
Mitsubishi,241,152
TOYOTOMI,25,3
KOIZUMI,84,0
INTERFORM,5,0
ELPA,61,5
OMRON,23,2
TANITA,15,8
dretec,38,3
POLAR,2,0
マスプロ,8,0
TWINBIRD,51,3
MAX,46,0
sunpot,9,5
AucSale,9,1
エスケイジャパン,16,3
Comply,18,0
ATEX,37,0
NISSEI,2,0
SANYO,6,0
三栄,62,0
TESCOM,57,6
ホーム・スキノベーションズ・ジャパン,1,0
ZOJIRUSHI,67,37
Melitta,21,1
TIGER,76,35
De'Longhi,23,9
Bodum,11,0
Rinnai,169,72
YDK,4,0
ecorica,4,0
brother,49,13
Canon,120,10
RICOH,40,0
I.ODATA,22,6
BenQ,28,0
UPQ,4,0
ライオン事務器,1,0
CASIO,52,6
ドーフィールドジャパン,3,0
GREENHOUSE,3,2
ELMO,6,0
SAMSUNG,7,0
ERGOTRON,6,0
COMON,2,0
YAMAZEN,114,0
Leica,4,0
OLYMPUS,28,3
FUJIFILM,24,0
KenkoTokina,160,0
ハクバ,14,0
Nikon,7,0
SIGMA,14,0
Vixen,152,0
SAMYANG,4,0
TAMRON,1,0
RAYNOX,21,0
TEAC,31,0
YAMAHA,5,0
Pro-Ject,1,0
maxell,9,0
エッチ・エヌ・ビー,3,0
audio-technica,23,1
Pioneer,3,1
JVCKENWOOD,12,3
ZOX,5,0
PLANEX,1,0
Vertex,8,0
THRIVE,12,3
FUJIIRYOKI,33,16
FAMILYINADA,13,8
神東,16,0
RYOBI,12,1
BOSE,11,0
cado,4,2
FUJITSUGENERAL,8,4
HANWA,19,1
DAINICHI,15,15
B&Sパートナーズ,2,0
MitsubishiHeavyIndustries,77,0
BALMUDA,3,0
ODELIC,19,0
DAIKO,130,107
OutdoorTech,3,0
テクソル,5,0
ディテール,1,0
エンティス,1,0
iHome,1,0
ロッキー,1,0
HUGOGATE,1,0
KODEN,23,0
Vornado,1,0
HARMAN,13,0
NORITZ,37,0
stelton,2,0
JURA,1,0
FMI,5,0
IZUMI,27,8
Kashimura,1,0
YAZAWA,16,0
JAGUAR,9,2
TOME,8,0
nishiyama,11,0
Iwatani,7,2
VESSEL,13,0
LENOX,2,0
扶桑精機,4,0
フォーカルポイント,4,0
ABITAX,4,0
アキュヴァンス,1,0
ぷらっとホーム,1,0
TCP,1,0
XtremeMac,1,0
シー・エフ・デー,1,0
ZALMAN,1,0
ロア,1,0
Greenwood,4,0
TORAY,15,4
イチーナ,2,0
Aladdin,9,3
プレーリードッグ,1,0
GAIS,2,0
MK,4,0
ボンスター,3,0
ShuyokaPartners,3,0
YUKON,1,0
Celestron,17,0
ESCHENBACH,1,0
SEIKO,8,0
FinalAudioDesign,13,0
SENNHEISER,1,0
RATOC,1,0
JESTTAX,3,0
オヤイデ,1,0
マクサー,2,0
AGLED,1,0
銀鳥産業,1,0
万丈,2,0
AIPHONE,17,8
Microsoft,7,0
HUAWEI,12,0
R.W.C,1,0
レックスマーク,8,0
TJC,1,0
Fox,2,0
NTT,1,0
raycop,2,0
KVK,34,0
Warrantee,1,1
