modelnumber,genre,maker,thumbnail,image,manual,productname,releasedate
A1660,スマートフォン,apple,https://km.support.apple.com.edgekey.net/resources/sites/APPLE/content/live/IMAGES/0/IM853/en_US/iphone7-120.png,"https://support.apple.com/library/APPLE/APPLECARE_ALLGEOS/SP743/iphone7-jetblack.png, https://support.apple.com/library/APPLE/APPLECARE_ALLGEOS/SP743/iphone7-gold.png, https://support.apple.com/library/APPLE/APPLECARE_ALLGEOS/SP743/iphone7-black.png, https://support.apple.com/library/APPLE/APPLECARE_ALLGEOS/SP743/iphone7-rosegold.png, https://support.apple.com/library/APPLE/APPLECARE_ALLGEOS/SP743/iphone7-silver.png",https://help.apple.com/iphone/10/?lang=ja,iPhone 7,
A1778,スマートフォン,apple,https://km.support.apple.com.edgekey.net/resources/sites/APPLE/content/live/IMAGES/0/IM853/en_US/iphone7-120.png,"https://support.apple.com/library/APPLE/APPLECARE_ALLGEOS/SP743/iphone7-jetblack.png, https://support.apple.com/library/APPLE/APPLECARE_ALLGEOS/SP743/iphone7-gold.png, https://support.apple.com/library/APPLE/APPLECARE_ALLGEOS/SP743/iphone7-black.png, https://support.apple.com/library/APPLE/APPLECARE_ALLGEOS/SP743/iphone7-rosegold.png, https://support.apple.com/library/APPLE/APPLECARE_ALLGEOS/SP743/iphone7-silver.png",https://help.apple.com/iphone/10/?lang=ja,iPhone 7,
A1779,スマートフォン,apple,https://km.support.apple.com.edgekey.net/resources/sites/APPLE/content/live/IMAGES/0/IM853/en_US/iphone7-120.png,"https://support.apple.com/library/APPLE/APPLECARE_ALLGEOS/SP743/iphone7-jetblack.png, https://support.apple.com/library/APPLE/APPLECARE_ALLGEOS/SP743/iphone7-gold.png, https://support.apple.com/library/APPLE/APPLECARE_ALLGEOS/SP743/iphone7-black.png, https://support.apple.com/library/APPLE/APPLECARE_ALLGEOS/SP743/iphone7-rosegold.png, https://support.apple.com/library/APPLE/APPLECARE_ALLGEOS/SP743/iphone7-silver.png",https://help.apple.com/iphone/10/?lang=ja,iPhone 7,
A1661,スマートフォン,apple,https://km.support.apple.com.edgekey.net/resources/sites/APPLE/content/live/IMAGES/0/IM854/en_US/iphone7-plus-120.png,"https://support.apple.com/library/APPLE/APPLECARE_ALLGEOS/SP744/iphone7-plus-jetblack.png, https://support.apple.com/library/APPLE/APPLECARE_ALLGEOS/SP744/iphone7-plus-gold.png, https://support.apple.com/library/APPLE/APPLECARE_ALLGEOS/SP744/iphone7-plus-black.png, https://support.apple.com/library/APPLE/APPLECARE_ALLGEOS/SP744/iphone7-plus-rosegold.png, https://support.apple.com/library/APPLE/APPLECARE_ALLGEOS/SP744/iphone7-plus-silver.png",https://help.apple.com/iphone/10/?lang=ja,iPhone 7 Plus,
A1784,スマートフォン,apple,https://km.support.apple.com.edgekey.net/resources/sites/APPLE/content/live/IMAGES/0/IM854/en_US/iphone7-plus-120.png,"https://support.apple.com/library/APPLE/APPLECARE_ALLGEOS/SP744/iphone7-plus-jetblack.png, https://support.apple.com/library/APPLE/APPLECARE_ALLGEOS/SP744/iphone7-plus-gold.png, https://support.apple.com/library/APPLE/APPLECARE_ALLGEOS/SP744/iphone7-plus-black.png, https://support.apple.com/library/APPLE/APPLECARE_ALLGEOS/SP744/iphone7-plus-rosegold.png, https://support.apple.com/library/APPLE/APPLECARE_ALLGEOS/SP744/iphone7-plus-silver.png",https://help.apple.com/iphone/10/?lang=ja,iPhone 7 Plus,
A1785,スマートフォン,apple,https://km.support.apple.com.edgekey.net/resources/sites/APPLE/content/live/IMAGES/0/IM854/en_US/iphone7-plus-120.png,"https://support.apple.com/library/APPLE/APPLECARE_ALLGEOS/SP744/iphone7-plus-jetblack.png, https://support.apple.com/library/APPLE/APPLECARE_ALLGEOS/SP744/iphone7-plus-gold.png, https://support.apple.com/library/APPLE/APPLECARE_ALLGEOS/SP744/iphone7-plus-black.png, https://support.apple.com/library/APPLE/APPLECARE_ALLGEOS/SP744/iphone7-plus-rosegold.png, https://support.apple.com/library/APPLE/APPLECARE_ALLGEOS/SP744/iphone7-plus-silver.png",https://help.apple.com/iphone/10/?lang=ja,iPhone 7 Plus,
A1633,スマートフォン,apple,https://km.support.apple.com.edgekey.net/resources/sites/APPLE/content/live/IMAGES/0/IM826/en_US/iPhone6sPlus-ios10-120.png,"https://support.apple.com/library/APPLE/APPLECARE_ALLGEOS/SP726/SP726-iphone6s-silver-select-2015.png, https://support.apple.com/library/APPLE/APPLECARE_ALLGEOS/SP726/SP726-iphone6s-gold-select-2015.png, https://support.apple.com/library/APPLE/APPLECARE_ALLGEOS/SP726/SP726-iphone6s-gray-select-2015.png, https://support.apple.com/library/APPLE/APPLECARE_ALLGEOS/SP726/SP726-iphone6s-rosegold-select-2015.png",https://help.apple.com/iphone/10/?lang=ja,iPhone 6s,
A1688,スマートフォン,apple,https://km.support.apple.com.edgekey.net/resources/sites/APPLE/content/live/IMAGES/0/IM826/en_US/iPhone6sPlus-ios10-120.png,"https://support.apple.com/library/APPLE/APPLECARE_ALLGEOS/SP726/SP726-iphone6s-silver-select-2015.png, https://support.apple.com/library/APPLE/APPLECARE_ALLGEOS/SP726/SP726-iphone6s-gold-select-2015.png, https://support.apple.com/library/APPLE/APPLECARE_ALLGEOS/SP726/SP726-iphone6s-gray-select-2015.png, https://support.apple.com/library/APPLE/APPLECARE_ALLGEOS/SP726/SP726-iphone6s-rosegold-select-2015.png",https://help.apple.com/iphone/10/?lang=ja,iPhone 6s,
A1700,スマートフォン,apple,https://km.support.apple.com.edgekey.net/resources/sites/APPLE/content/live/IMAGES/0/IM826/en_US/iPhone6sPlus-ios10-120.png,"https://support.apple.com/library/APPLE/APPLECARE_ALLGEOS/SP726/SP726-iphone6s-silver-select-2015.png, https://support.apple.com/library/APPLE/APPLECARE_ALLGEOS/SP726/SP726-iphone6s-gold-select-2015.png, https://support.apple.com/library/APPLE/APPLECARE_ALLGEOS/SP726/SP726-iphone6s-gray-select-2015.png, https://support.apple.com/library/APPLE/APPLECARE_ALLGEOS/SP726/SP726-iphone6s-rosegold-select-2015.png",https://help.apple.com/iphone/10/?lang=ja,iPhone 6s,
A1634,スマートフォン,apple,https://km.support.apple.com.edgekey.net/resources/sites/APPLE/content/live/IMAGES/0/IM827/en_US/iPhone6sPlus-ios10-120.png,"https://support.apple.com/library/APPLE/APPLECARE_ALLGEOS/SP727/SP727-iphone6s-plus-silver-select-2015.png, https://support.apple.com/library/APPLE/APPLECARE_ALLGEOS/SP727/SP727-iphone6s-plus-gold-select-2015.png, https://support.apple.com/library/APPLE/APPLECARE_ALLGEOS/SP727/SP727-iphone6s-plus-gray-select-2015.png, https://support.apple.com/library/APPLE/APPLECARE_ALLGEOS/SP727/SP727-iphone6s-plus-rosegold-select-2015.png",https://help.apple.com/iphone/10/?lang=ja,iPhone 6s Plus,
A1687,スマートフォン,apple,https://km.support.apple.com.edgekey.net/resources/sites/APPLE/content/live/IMAGES/0/IM827/en_US/iPhone6sPlus-ios10-120.png,"https://support.apple.com/library/APPLE/APPLECARE_ALLGEOS/SP727/SP727-iphone6s-plus-silver-select-2015.png, https://support.apple.com/library/APPLE/APPLECARE_ALLGEOS/SP727/SP727-iphone6s-plus-gold-select-2015.png, https://support.apple.com/library/APPLE/APPLECARE_ALLGEOS/SP727/SP727-iphone6s-plus-gray-select-2015.png, https://support.apple.com/library/APPLE/APPLECARE_ALLGEOS/SP727/SP727-iphone6s-plus-rosegold-select-2015.png",https://help.apple.com/iphone/10/?lang=ja,iPhone 6s Plus,
A1699,スマートフォン,apple,https://km.support.apple.com.edgekey.net/resources/sites/APPLE/content/live/IMAGES/0/IM827/en_US/iPhone6sPlus-ios10-120.png,"https://support.apple.com/library/APPLE/APPLECARE_ALLGEOS/SP727/SP727-iphone6s-plus-silver-select-2015.png, https://support.apple.com/library/APPLE/APPLECARE_ALLGEOS/SP727/SP727-iphone6s-plus-gold-select-2015.png, https://support.apple.com/library/APPLE/APPLECARE_ALLGEOS/SP727/SP727-iphone6s-plus-gray-select-2015.png, https://support.apple.com/library/APPLE/APPLECARE_ALLGEOS/SP727/SP727-iphone6s-plus-rosegold-select-2015.png",https://help.apple.com/iphone/10/?lang=ja,iPhone 6s Plus,
A1549,スマートフォン,apple,https://km.support.apple.com.edgekey.net/resources/sites/APPLE/content/live/IMAGES/0/IM429/en_US/iPhone6-ios10-120.png,https://support.apple.com/library/APPLE/APPLECARE_ALLGEOS/SP705/SP705-iphone_6-mul.png,https://help.apple.com/iphone/10/?lang=ja,iPhone 6,
A1586,スマートフォン,apple,https://km.support.apple.com.edgekey.net/resources/sites/APPLE/content/live/IMAGES/0/IM429/en_US/iPhone6-ios10-120.png,https://support.apple.com/library/APPLE/APPLECARE_ALLGEOS/SP705/SP705-iphone_6-mul.png,https://help.apple.com/iphone/10/?lang=ja,iPhone 6,
A1589,スマートフォン,apple,https://km.support.apple.com.edgekey.net/resources/sites/APPLE/content/live/IMAGES/0/IM429/en_US/iPhone6-ios10-120.png,https://support.apple.com/library/APPLE/APPLECARE_ALLGEOS/SP705/SP705-iphone_6-mul.png,https://help.apple.com/iphone/10/?lang=ja,iPhone 6,
A1522,スマートフォン,apple,https://km.support.apple.com.edgekey.net/resources/sites/APPLE/content/live/IMAGES/0/IM430/en_US/iphone6-plus-ios10-120.png,https://support.apple.com/library/APPLE/APPLECARE_ALLGEOS/SP706/SP706-iphone_6_plus-mul.png,https://help.apple.com/iphone/10/?lang=ja,iPhone 6 Plus,
A1524,スマートフォン,apple,https://km.support.apple.com.edgekey.net/resources/sites/APPLE/content/live/IMAGES/0/IM430/en_US/iphone6-plus-ios10-120.png,https://support.apple.com/library/APPLE/APPLECARE_ALLGEOS/SP706/SP706-iphone_6_plus-mul.png,https://help.apple.com/iphone/10/?lang=ja,iPhone 6 Plus,
A1593,スマートフォン,apple,https://km.support.apple.com.edgekey.net/resources/sites/APPLE/content/live/IMAGES/0/IM430/en_US/iphone6-plus-ios10-120.png,https://support.apple.com/library/APPLE/APPLECARE_ALLGEOS/SP706/SP706-iphone_6_plus-mul.png,https://help.apple.com/iphone/10/?lang=ja,iPhone 6 Plus,
A1723,スマートフォン,apple,https://km.support.apple.com.edgekey.net/resources/sites/APPLE/content/live/IMAGES/0/IM846/en_US/iphonese-gold-120.png,https://support.apple.com/library/APPLE/APPLECARE_ALLGEOS/SP738/SP738.png,https://help.apple.com/iphone/10/?lang=ja,iPhone SE,
A1662,スマートフォン,apple,https://km.support.apple.com.edgekey.net/resources/sites/APPLE/content/live/IMAGES/0/IM846/en_US/iphonese-gold-120.png,https://support.apple.com/library/APPLE/APPLECARE_ALLGEOS/SP738/SP738.png,https://help.apple.com/iphone/10/?lang=ja,iPhone SE,
A1724,スマートフォン,apple,https://km.support.apple.com.edgekey.net/resources/sites/APPLE/content/live/IMAGES/0/IM846/en_US/iphonese-gold-120.png,https://support.apple.com/library/APPLE/APPLECARE_ALLGEOS/SP738/SP738.png,https://help.apple.com/iphone/10/?lang=ja,iPhone SE,
A1453,スマートフォン,apple,https://km.support.apple.com.edgekey.net/resources/sites/APPLE/content/live/IMAGES/0/IM386/en_US/iphone5s-gold-120.png,"https://support.apple.com/library/APPLE/APPLECARE_ALLGEOS/SP685/SP685-color_black.jpg, https://support.apple.com/library/APPLE/APPLECARE_ALLGEOS/SP685/SP685-color_gold.jpg, https://support.apple.com/library/APPLE/APPLECARE_ALLGEOS/SP685/SP685-color_silver.jpg",https://help.apple.com/iphone/10/?lang=ja,iPhone 5s,
A1457,スマートフォン,apple,https://km.support.apple.com.edgekey.net/resources/sites/APPLE/content/live/IMAGES/0/IM386/en_US/iphone5s-gold-120.png,"https://support.apple.com/library/APPLE/APPLECARE_ALLGEOS/SP685/SP685-color_black.jpg, https://support.apple.com/library/APPLE/APPLECARE_ALLGEOS/SP685/SP685-color_gold.jpg, https://support.apple.com/library/APPLE/APPLECARE_ALLGEOS/SP685/SP685-color_silver.jpg",https://help.apple.com/iphone/10/?lang=ja,iPhone 5s,
A1518,スマートフォン,apple,https://km.support.apple.com.edgekey.net/resources/sites/APPLE/content/live/IMAGES/0/IM386/en_US/iphone5s-gold-120.png,"https://support.apple.com/library/APPLE/APPLECARE_ALLGEOS/SP685/SP685-color_black.jpg, https://support.apple.com/library/APPLE/APPLECARE_ALLGEOS/SP685/SP685-color_gold.jpg, https://support.apple.com/library/APPLE/APPLECARE_ALLGEOS/SP685/SP685-color_silver.jpg",https://help.apple.com/iphone/10/?lang=ja,iPhone 5s,
A1528,スマートフォン,apple,https://km.support.apple.com.edgekey.net/resources/sites/APPLE/content/live/IMAGES/0/IM386/en_US/iphone5s-gold-120.png,"https://support.apple.com/library/APPLE/APPLECARE_ALLGEOS/SP685/SP685-color_black.jpg, https://support.apple.com/library/APPLE/APPLECARE_ALLGEOS/SP685/SP685-color_gold.jpg, https://support.apple.com/library/APPLE/APPLECARE_ALLGEOS/SP685/SP685-color_silver.jpg",https://help.apple.com/iphone/10/?lang=ja,iPhone 5s,
A1530,スマートフォン,apple,https://km.support.apple.com.edgekey.net/resources/sites/APPLE/content/live/IMAGES/0/IM386/en_US/iphone5s-gold-120.png,"https://support.apple.com/library/APPLE/APPLECARE_ALLGEOS/SP685/SP685-color_black.jpg, https://support.apple.com/library/APPLE/APPLECARE_ALLGEOS/SP685/SP685-color_gold.jpg, https://support.apple.com/library/APPLE/APPLECARE_ALLGEOS/SP685/SP685-color_silver.jpg",https://help.apple.com/iphone/10/?lang=ja,iPhone 5s,
A1533,スマートフォン,apple,https://km.support.apple.com.edgekey.net/resources/sites/APPLE/content/live/IMAGES/0/IM386/en_US/iphone5s-gold-120.png,"https://support.apple.com/library/APPLE/APPLECARE_ALLGEOS/SP685/SP685-color_black.jpg, https://support.apple.com/library/APPLE/APPLECARE_ALLGEOS/SP685/SP685-color_gold.jpg, https://support.apple.com/library/APPLE/APPLECARE_ALLGEOS/SP685/SP685-color_silver.jpg",https://help.apple.com/iphone/10/?lang=ja,iPhone 5s,
A1456,スマートフォン,apple,https://km.support.apple.com.edgekey.net/resources/sites/APPLE/content/live/IMAGES/0/IM385/en_US/iPhone5c-white-120.png,"https://support.apple.com/library/APPLE/APPLECARE_ALLGEOS/SP684/SP684-color_white.jpg, https://support.apple.com/library/APPLE/APPLECARE_ALLGEOS/SP684/SP684-color_pink.jpg, https://support.apple.com/library/APPLE/APPLECARE_ALLGEOS/SP684/SP684-color_yellow.jpg, https://support.apple.com/library/APPLE/APPLECARE_ALLGEOS/SP684/SP684-color_blue.jpg, https://support.apple.com/library/APPLE/APPLECARE_ALLGEOS/SP684/SP684-color_green.jpg",https://help.apple.com/iphone/10/?lang=ja,iPhone 5c,
A1507,スマートフォン,apple,https://km.support.apple.com.edgekey.net/resources/sites/APPLE/content/live/IMAGES/0/IM385/en_US/iPhone5c-white-120.png,"https://support.apple.com/library/APPLE/APPLECARE_ALLGEOS/SP684/SP684-color_white.jpg, https://support.apple.com/library/APPLE/APPLECARE_ALLGEOS/SP684/SP684-color_pink.jpg, https://support.apple.com/library/APPLE/APPLECARE_ALLGEOS/SP684/SP684-color_yellow.jpg, https://support.apple.com/library/APPLE/APPLECARE_ALLGEOS/SP684/SP684-color_blue.jpg, https://support.apple.com/library/APPLE/APPLECARE_ALLGEOS/SP684/SP684-color_green.jpg",https://help.apple.com/iphone/10/?lang=ja,iPhone 5c,
A1516,スマートフォン,apple,https://km.support.apple.com.edgekey.net/resources/sites/APPLE/content/live/IMAGES/0/IM385/en_US/iPhone5c-white-120.png,"https://support.apple.com/library/APPLE/APPLECARE_ALLGEOS/SP684/SP684-color_white.jpg, https://support.apple.com/library/APPLE/APPLECARE_ALLGEOS/SP684/SP684-color_pink.jpg, https://support.apple.com/library/APPLE/APPLECARE_ALLGEOS/SP684/SP684-color_yellow.jpg, https://support.apple.com/library/APPLE/APPLECARE_ALLGEOS/SP684/SP684-color_blue.jpg, https://support.apple.com/library/APPLE/APPLECARE_ALLGEOS/SP684/SP684-color_green.jpg",https://help.apple.com/iphone/10/?lang=ja,iPhone 5c,
A1529,スマートフォン,apple,https://km.support.apple.com.edgekey.net/resources/sites/APPLE/content/live/IMAGES/0/IM385/en_US/iPhone5c-white-120.png,"https://support.apple.com/library/APPLE/APPLECARE_ALLGEOS/SP684/SP684-color_white.jpg, https://support.apple.com/library/APPLE/APPLECARE_ALLGEOS/SP684/SP684-color_pink.jpg, https://support.apple.com/library/APPLE/APPLECARE_ALLGEOS/SP684/SP684-color_yellow.jpg, https://support.apple.com/library/APPLE/APPLECARE_ALLGEOS/SP684/SP684-color_blue.jpg, https://support.apple.com/library/APPLE/APPLECARE_ALLGEOS/SP684/SP684-color_green.jpg",https://help.apple.com/iphone/10/?lang=ja,iPhone 5c,
A1532,スマートフォン,apple,https://km.support.apple.com.edgekey.net/resources/sites/APPLE/content/live/IMAGES/0/IM385/en_US/iPhone5c-white-120.png,"https://support.apple.com/library/APPLE/APPLECARE_ALLGEOS/SP684/SP684-color_white.jpg, https://support.apple.com/library/APPLE/APPLECARE_ALLGEOS/SP684/SP684-color_pink.jpg, https://support.apple.com/library/APPLE/APPLECARE_ALLGEOS/SP684/SP684-color_yellow.jpg, https://support.apple.com/library/APPLE/APPLECARE_ALLGEOS/SP684/SP684-color_blue.jpg, https://support.apple.com/library/APPLE/APPLECARE_ALLGEOS/SP684/SP684-color_green.jpg",https://help.apple.com/iphone/10/?lang=ja,iPhone 5c,
A1428,スマートフォン,apple,https://km.support.apple.com.edgekey.net/resources/sites/APPLE/content/live/IMAGES/0/IM332/en_US/iphone5-120.png,https://support.apple.com/library/APPLE/APPLECARE_ALLGEOS/SP655/sp655_iphone5_color.jpg,https://help.apple.com/iphone/10/?lang=ja,iPhone 5,
A1429,スマートフォン,apple,https://km.support.apple.com.edgekey.net/resources/sites/APPLE/content/live/IMAGES/0/IM332/en_US/iphone5-120.png,https://support.apple.com/library/APPLE/APPLECARE_ALLGEOS/SP655/sp655_iphone5_color.jpg,https://help.apple.com/iphone/10/?lang=ja,iPhone 5,
A1442,スマートフォン,apple,https://km.support.apple.com.edgekey.net/resources/sites/APPLE/content/live/IMAGES/0/IM332/en_US/iphone5-120.png,https://support.apple.com/library/APPLE/APPLECARE_ALLGEOS/SP655/sp655_iphone5_color.jpg,https://help.apple.com/iphone/10/?lang=ja,iPhone 5,
A1431,スマートフォン,apple,https://km.support.apple.com.edgekey.net/resources/sites/APPLE/content/live/IMAGES/0/IM311/en_US/iphone4s-120.png,"https://support.apple.com/library/APPLE/APPLECARE_ALLGEOS/SP643/sp643_iphone4s_color_white.jpg, https://support.apple.com/library/APPLE/APPLECARE_ALLGEOS/SP643/sp643_iphone4s_color_black.jpg",https://help.apple.com/iphone/10/?lang=ja,iPhone 4s,
A1387,スマートフォン,apple,https://km.support.apple.com.edgekey.net/resources/sites/APPLE/content/live/IMAGES/0/IM311/en_US/iphone4s-120.png,"https://support.apple.com/library/APPLE/APPLECARE_ALLGEOS/SP643/sp643_iphone4s_color_white.jpg, https://support.apple.com/library/APPLE/APPLECARE_ALLGEOS/SP643/sp643_iphone4s_color_black.jpg",https://help.apple.com/iphone/10/?lang=ja,iPhone 4s,
A1349,スマートフォン,apple,https://km.support.apple.com.edgekey.net/resources/sites/APPLE/content/live/IMAGES/0/IM250/en_US/IPhone4w-120.png,,https://help.apple.com/iphone/10/?lang=ja,iPhone 4,
A1332,スマートフォン,apple,https://km.support.apple.com.edgekey.net/resources/sites/APPLE/content/live/IMAGES/0/IM250/en_US/IPhone4w-120.png,,https://help.apple.com/iphone/10/?lang=ja,iPhone 4,
A1325,スマートフォン,apple,https://km.support.apple.com.edgekey.net/resources/sites/APPLE/content/live/IMAGES/0/IM224/en_US/iphone3gs-120.png,,https://help.apple.com/iphone/10/?lang=ja,iPhone 3GS,
A1303,スマートフォン,apple,https://km.support.apple.com.edgekey.net/resources/sites/APPLE/content/live/IMAGES/0/IM224/en_US/iphone3gs-120.png,,https://help.apple.com/iphone/10/?lang=ja,iPhone 3GS,
A1324,スマートフォン,apple,https://km.support.apple.com.edgekey.net/resources/sites/APPLE/content/live/IMAGES/0/IM200/en_US/iphone3g-120.png,,https://help.apple.com/iphone/10/?lang=ja,iPhone 3G,
A1241,スマートフォン,apple,https://km.support.apple.com.edgekey.net/resources/sites/APPLE/content/live/IMAGES/0/IM200/en_US/iphone3g-120.png,,https://help.apple.com/iphone/10/?lang=ja,iPhone 3G,
HTV32,スマートフォン,HTC,http://www.htc.com/managed-assets/shared/desktop/smartphones/htc-10-htv32/explorer/htc-10-red-front.png,,http://media.kddi.com/app/publish/torisetsu/pdf/htv32_torisetsu_shousai.pdf,HTC 10,2016-06-10
M910,スマートフォン,HTC,http://www.htc.com/managed-assets/shared/desktop/smartphones/htc-desire-eye/ja_JP/explorer/HTC-Desire-EYE-Front.png,,http://dl4.htc.com/web_materials/Manual/HTC_Desire_EYE/E1_HTC_UG_JP_FIX_sec_151015.pdf?_ga=1.250931077.2028583630.1481241915,HTC Desire EYE,2016-10-17
D626,スマートフォン,HTC,http://www.htc.com/managed-assets/shared/desktop/smartphones/htc-desire-626/ja_JP/explorer/HTC-Desire-626-Front.png,,http://dl4.htc.com/Web_materials/Manual/HTC_Desire_626/626_HTC_UG_JP_FIX_16222_web_sec.pdf?_ga=1.250931077.2028583630.1481241915,HTC Desire 626,2016-10-17
HTV31,スマートフォン,HTC,http://www.htc.com/managed-assets/shared/desktop/smartphones/htc-j-butterfly-htv31/explorer/HTC-J-butterfly-HTV31-Front.png,,http://media.kddi.com/app/publish/torisetsu/pdf/htv31_torisetsu_shousai_android_6_0.pdf,HTC J butterfly HTV31,
HTL23,スマートフォン,HTC,http://www.htc.com/managed-assets/shared/desktop/smartphones/htc-j-butterfly-htl23/explorer/HTC-J-Butterfly-HTL23-Front.png,,http://media.kddi.com/app/publish/torisetsu/pdf/htl23_torisetsu_shousai_android_5_0.pdf,HTC J butterfly HTL23,
HTL22,スマートフォン,HTC,http://www.htc.com/managed-assets/shared/desktop/smartphones/htc-j-one-htl22/explorer/HTC-J-One-HTL22-Front.png,,http://media.kddi.com/app/publish/torisetsu/pdf/htl22_torisetsu_shousai_android_4_4.pdf,HTC J One,
HTL21,スマートフォン,HTC,http://www.htc.com/managed-assets/shared/desktop/smartphones/htc-j-butterfly-htl21/explorer/HTC-J-Butterfly-HTL21-Front.png,,http://media.kddi.com/app/publish/torisetsu/pdf/htl21_torisetsu_shousai.pdf,HTC J butterfly,
ISW13HT,スマートフォン,HTC,http://www.htc.com/managed-assets/shared/desktop/smartphones/htc-j-isw13ht/explorer/HTC-J-ISW13HT-Front.png,,http://media.kddi.com/app/publish/torisetsu/pdf/isw13ht_torisetsu.pdf,HTC J ISW13HT,
ISW12HT,スマートフォン,HTC,http://www.htc.com/managed-assets/shared/desktop/smartphones/htc-evo-3d-isw12ht/explorer/HTC-EVO3D-ISW12HT-Front.png,,http://media.kddi.com/app/publish/torisetsu/pdf/isw12ht_torisetsu_android_4_0.pdf,HTC EVO 3D,
ISW11HT,スマートフォン,HTC,http://www.htc.com/managed-assets/shared/desktop/smartphones/htc-evo-wimax-isw11ht/explorer/HTC-EVO-WiMAX-ISW11HT-Front.png,,http://media.kddi.com/app/publish/torisetsu/pdf/isw11ht_torisetsu_20110915.pdf,HTC EVO WiMAX,
S31HT,スマートフォン,HTC,http://www.htc.com/managed-assets/shared/desktop/smartphones/htc-aria-s31ht/explorer/HTC-Aria-S31HT-Front.png,,http://www.ymobile.jp/lineup/old/ht/s31ht/download/torisetu/S31HT_manual_V2_00.pdf,HTC Aria,
001HT,スマートフォン,HTC,http://www.htc.com/managed-assets/shared/desktop/smartphones/htc-desire-hd-001ht/explorer/HTC-Desire-HD-001HT-Front.png,,http://cdn.softbank.jp/mobile/set/data/support/product/001ht/download/pdf/001HT_Android23.pdf,HTC Desire HD,
X06HT,スマートフォン,HTC,http://www.htc.com/managed-assets/shared/desktop/smartphones/htc-desire-x06ht/explorer/HTC-Desire-X06HT-Front.png,,http://broadband.mb.softbank.jp/mb/support/X/product/x06ht/pdf/x06ht_a22_userguide_r2.pdf,HTC Desire,
HT-03A,スマートフォン,HTC,http://www.htc.com/managed-assets/shared/desktop/smartphones/htc-magic-ht03a/explorer/HTC-Magic-HT03A-Front.png,,https://www.nttdocomo.co.jp/binary/pdf/support/trouble/manual/download/ht03a/HT-03A_J_All.pdf,HTC Magic,
SO-01J,スマートフォン,SONY,http://www.sonymobile.co.jp/xperia/docomo/so-01j/_common/img/gallery/01_xz_d_platinum.jpg,"http://www.sonymobile.co.jp/xperia/docomo/so-01j/_common/img/gallery/01_xz_d_platinum.jpg, http://www.sonymobile.co.jp/xperia/docomo/so-01j/_common/img/gallery/02_xz_d_platinum.jpg,http://www.sonymobile.co.jp/xperia/docomo/so-01j/_common/img/gallery/03_xz_d_blue.jpg,http://www.sonymobile.co.jp/xperia/docomo/so-01j/_common/img/gallery/04_xz_d_pink.jpg",https://www.nttdocomo.co.jp/binary/pdf/support/trouble/manual/download/SO-01J_J_syousai.pdf,XPERIA XZ docomo,
SO-02J,スマートフォン,SONY,http://www.sonymobile.co.jp/xperia/docomo/so-02j/_common/img/gallery/01_xc_d_black.jpg,"http://www.sonymobile.co.jp/xperia/docomo/so-02j/_common/img/gallery/01_xc_d_black.jpg,http://www.sonymobile.co.jp/xperia/docomo/so-02j/_common/img/gallery/02_xc_d_white.jpg,http://www.sonymobile.co.jp/xperia/docomo/so-02j/_common/img/gallery/03_xc_d_blue.jpg,http://www.sonymobile.co.jp/xperia/docomo/so-02j/_common/img/gallery/04_xc_d_pink.jpg",https://www.nttdocomo.co.jp/binary/pdf/support/trouble/manual/download/SO-02J_J_syousai.pdf,XPERIA X Compact docomo,
SOV34,スマートフォン,SONY,http://www.sonymobile.co.jp/xperia/au/sov34/_common/img/gallery/01_xz_k_black.jpg,"http://www.sonymobile.co.jp/xperia/au/sov34/_common/img/gallery/01_xz_k_black.jpg,http://www.sonymobile.co.jp/xperia/au/sov34/_common/img/gallery/02_xz_k_platinum.jpg,http://www.sonymobile.co.jp/xperia/au/sov34/_common/img/gallery/03_xz_k_blue.jpg,http://www.sonymobile.co.jp/xperia/au/sov34/_common/img/gallery/04_xz_k_pink.jpg",http://media.kddi.com/app/publish/torisetsu/pdf/sov34_torisetsu_shousai.pdf,XPERIA XZ au,
XPERIA XZ softbank,スマートフォン,SONY,http://www.sonymobile.co.jp/xperia/softbank/xz/_common/img/gallery/01_xz_sb_black.jpg,"http://www.sonymobile.co.jp/xperia/softbank/xz/_common/img/gallery/01_xz_sb_black.jpg,http://www.sonymobile.co.jp/xperia/softbank/xz/_common/img/gallery/02_xz_sb_platinum.jpg,http://www.sonymobile.co.jp/xperia/softbank/xz/_common/img/gallery/03_xz_sb_blue.jpg,http://www.sonymobile.co.jp/xperia/softbank/xz/_common/img/gallery/04_xz_sb_pink.jpg",,XPERIA XZ softbank,
SO-04H,スマートフォン,SONY,http://www.sonymobile.co.jp/xperia/docomo/so-04h/_common/img/gallery/gallery_img_01.jpg,"http://www.sonymobile.co.jp/xperia/docomo/so-04h/_common/img/gallery/gallery_img_01.jpg,http://www.sonymobile.co.jp/xperia/docomo/so-04h/_common/img/gallery/gallery_img_02.jpg,http://www.sonymobile.co.jp/xperia/docomo/so-04h/_common/img/gallery/gallery_img_03.jpg,http://www.sonymobile.co.jp/xperia/docomo/so-04h/_common/img/gallery/gallery_img_04.jpg",https://www.nttdocomo.co.jp/binary/pdf/support/trouble/manual/download/SO-04H_J_OP_01.pdf,XPERIA X Performance docomo,
XPERIA X Performance softbank,スマートフォン,SONY,http://www.sonymobile.co.jp/xperia/softbank/x_performance/_common/img/gallery/gallery_img_01.jpg,"http://www.sonymobile.co.jp/xperia/softbank/x_performance/_common/img/gallery/gallery_img_01.jpg,http://www.sonymobile.co.jp/xperia/softbank/x_performance/_common/img/gallery/gallery_img_02.jpg,http://www.sonymobile.co.jp/xperia/softbank/x_performance/_common/img/gallery/gallery_img_03.jpg,http://www.sonymobile.co.jp/xperia/softbank/x_performance/_common/img/gallery/gallery_img_04.jpg",,XPERIA X Performance softbank,
SOV33,スマートフォン,SONY,http://www.sonymobile.co.jp/xperia/au/sov33/_common/img/gallery/gallery_img_01.jpg,"http://www.sonymobile.co.jp/xperia/au/sov33/_common/img/gallery/gallery_img_01.jpg,http://www.sonymobile.co.jp/xperia/au/sov33/_common/img/gallery/gallery_img_02.jpg,http://www.sonymobile.co.jp/xperia/au/sov33/_common/img/gallery/gallery_img_03.jpg,http://www.sonymobile.co.jp/xperia/au/sov33/_common/img/gallery/gallery_img_04.jpg",http://media.kddi.com/app/publish/torisetsu/pdf/sov33_torisetsu_shousai.pdf,XPERIA X Performance au,
XPERIA Z5 softbank,スマートフォン,SONY,http://www.sonymobile.co.jp/xperia/softbank/z5/img/color_im01.jpg,"http://www.sonymobile.co.jp/xperia/softbank/z5/img/color_im01.jpg,http://www.sonymobile.co.jp/xperia/softbank/z5/img/color_im02.jpg,http://www.sonymobile.co.jp/xperia/softbank/z5/img/color_im03.jpg,http://www.sonymobile.co.jp/xperia/softbank/z5/img/color_im04.jpg",,XPERIA Z5 softbank,
SO-01H,スマートフォン,SONY,http://www.sonymobile.co.jp/xperia/docomo/so-01h/img/color_im05.jpg,"http://www.sonymobile.co.jp/xperia/docomo/so-01h/img/color_im05.jpg,http://www.sonymobile.co.jp/xperia/docomo/so-01h/img/color_im06.jpg,http://www.sonymobile.co.jp/xperia/docomo/so-01h/img/color_im01.jpg,http://www.sonymobile.co.jp/xperia/docomo/so-01h/img/color_im02.jpg,http://www.sonymobile.co.jp/xperia/docomo/so-01h/img/color_im03.jpg,http://www.sonymobile.co.jp/xperia/docomo/so-01h/img/color_im04.jpg",https://www.nttdocomo.co.jp/binary/pdf/support/trouble/manual/download/SO-01H_J_OP_01_M_FV.pdf,XPERIA Z5 docomo,
SO-02H,スマートフォン,SONY,http://www.sonymobile.co.jp/xperia/docomo/so-02h/img/color_im01.jpg,"http://www.sonymobile.co.jp/xperia/docomo/so-02h/img/color_im01.jpg,http://www.sonymobile.co.jp/xperia/docomo/so-02h/img/color_im02.jpg,http://www.sonymobile.co.jp/xperia/docomo/so-02h/img/color_im03.jpg,http://www.sonymobile.co.jp/xperia/docomo/so-02h/img/color_im04.jpg",https://www.nttdocomo.co.jp/binary/pdf/support/trouble/manual/download/SO-02H_J_OP_01_M_FV.pdf,XPERIA Z5 Compact docomo,
SO-03H,スマートフォン,SONY,http://www.sonymobile.co.jp/xperia/docomo/so-03h/img/color_im01.jpg,"http://www.sonymobile.co.jp/xperia/docomo/so-03h/img/color_im01.jpg,http://www.sonymobile.co.jp/xperia/docomo/so-03h/img/color_im02.jpg",https://www.nttdocomo.co.jp/binary/pdf/support/trouble/manual/download/SO-03H_J_OP_01_M_FV.pdf,XPERIA Z5 Premium docomo,
SOV32,スマートフォン,SONY,http://www.sonymobile.co.jp/xperia/au/sov32/img/color_im05.jpg,"http://www.sonymobile.co.jp/xperia/au/sov32/img/color_im05.jpg,http://www.sonymobile.co.jp/xperia/au/sov32/img/color_im06.jpg,http://www.sonymobile.co.jp/xperia/au/sov32/img/color_im01.jpg,http://www.sonymobile.co.jp/xperia/au/sov32/img/color_im02.jpg,http://www.sonymobile.co.jp/xperia/au/sov32/img/color_im03.jpg,http://www.sonymobile.co.jp/xperia/au/sov32/img/color_im04.jpg",http://media.kddi.com/app/publish/torisetsu/pdf/sov32_torisetsu_shousai_android_6_0.pdf,XPERIA Z5 au SOV32,
XPERIA Z4 softbank,スマートフォン,SONY,http://www.sonymobile.co.jp/xperia/softbank/z4/design/img/color_01.jpg,"http://www.sonymobile.co.jp/xperia/softbank/z4/design/img/color_01.jpg,http://www.sonymobile.co.jp/xperia/softbank/z4/design/img/color_02.jpg,http://www.sonymobile.co.jp/xperia/softbank/z4/design/img/color_03.jpg,http://www.sonymobile.co.jp/xperia/softbank/z4/design/img/color_04.jpg",,XPERIA Z4 softbank,
SOV31,スマートフォン,SONY,http://www.sonymobile.co.jp/xperia/au/sov31/design/img/color_01.jpg,"http://www.sonymobile.co.jp/xperia/au/sov31/design/img/color_01.jpg,http://www.sonymobile.co.jp/xperia/au/sov31/design/img/color_02.jpg,http://www.sonymobile.co.jp/xperia/au/sov31/design/img/color_03.jpg,http://www.sonymobile.co.jp/xperia/au/sov31/design/img/color_04.jpg",http://media.kddi.com/app/publish/torisetsu/pdf/sov31_torisetsu_shousai_android_6_0.pdf,XPERIA Z4 au,
SO-03G,スマートフォン,SONY,http://www.sonymobile.co.jp/xperia/docomo/so-03g/design/img/color_01.jpg,"http://www.sonymobile.co.jp/xperia/docomo/so-03g/design/img/color_01.jpg,http://www.sonymobile.co.jp/xperia/docomo/so-03g/design/img/color_02.jpg,http://www.sonymobile.co.jp/xperia/docomo/so-03g/design/img/color_03.jpg,http://www.sonymobile.co.jp/xperia/docomo/so-03g/design/img/color_04.jpg",https://www.nttdocomo.co.jp/binary/pdf/support/trouble/manual/download/SO-03G_J_OP_01_M.pdf,XPERIA Z4 docomo,
SO-04G,スマートフォン,SONY,http://www.sonymobile.co.jp/xperia/docomo/so-04g/design/img/color_01.jpg,"http://www.sonymobile.co.jp/xperia/docomo/so-04g/design/img/color_01.jpg,http://www.sonymobile.co.jp/xperia/docomo/so-04g/design/img/color_02.jpg,http://www.sonymobile.co.jp/xperia/docomo/so-04g/design/img/color_03.jpg,http://www.sonymobile.co.jp/xperia/docomo/so-04g/design/img/color_04.jpg",https://www.nttdocomo.co.jp/binary/pdf/support/trouble/manual/download/SO-04G_J_OP_01_M.pdf,XPERIA A4 docomo,
SC-02H,スマートフォン,SAMSUNG,http://images.samsung.com/is/image/samsung/jp_SM-G935DZWADCM_001_Front_black?$DT-Gallery$,"http://images.samsung.com/is/image/samsung/jp_SM-G935DZWADCM_001_Front_black?$DT-Gallery$,http://images.samsung.com/is/image/samsung/jp_SM-G935DZWADCM_002_30R_black?$TM-Gallery$,http://images.samsung.com/is/image/samsung/jp_SM-G935DZWADCM_003_Front_white?$TM-Gallery$,http://images.samsung.com/is/image/samsung/jp_SM-G935DZWADCM_001_Front_pinkgold?$TM-Gallery$,http://images.samsung.com/is/image/samsung/jp_SM-G935DZWADCM_001_Front_lightblue?$TM-Gallery$",http://downloadcenter.samsung.com/content/UM/201612/20161207090743473/SM-G935D_UM_DCM_Marshmallow_Jpn_Rev1.3_161122_Screen.pdf,Galaxy S7 edge SC-02H,
SC-01H,スマートフォン,SAMSUNG,http://images.samsung.com/is/image/samsung/jp_SM-G388DZWEDCM_001_front_white?$TM-Gallery$,"http://images.samsung.com/is/image/samsung/jp_SM-G388DZWEDCM_001_front_white?$TM-Gallery$,http://images.samsung.com/is/image/samsung/jp_SM-G388DZWEDCM_002_back_white?$TM-Gallery$,http://images.samsung.com/is/image/samsung/jp_SM-G388DZWEDCM_003_Side_white?$TM-Gallery$,http://images.samsung.com/is/image/samsung/jp_SM-G388DZWEDCM_004_Dynamic_white?$TM-Gallery$,http://images.samsung.com/is/image/samsung/jp_SM-G388DZWEDCM_005_Dynamic_white?$TM-Gallery$,http://images.samsung.com/is/image/samsung/jp_SM-G388DZWEDCM_001_front_black?$TM-Gallery$",http://downloadcenter.samsung.com/content/EM/201511/20151111145335422/SC-01H_QSG_DCM_lollipop_Jpn_Rev1_151102_Screen.pdf,Galaxy Active neo SC-01H,
SC-04G,スマートフォン,SAMSUNG,http://images.samsung.com/is/image/samsung/jp_SM-G925DZDEDCM_010_005_pakistangreen?$TM-Gallery$,"http://images.samsung.com/is/image/samsung/jp_SM-G925DZDEDCM_010_005_pakistangreen?$TM-Gallery$,http://images.samsung.com/is/image/samsung/jp_SM-G925DZDEDCM_002_Dynamic-Top-perspective_pakistangreen?$TM-Gallery$,http://images.samsung.com/is/image/samsung/jp_SM-G925DZDEDCM_003_side_pakistangreen?$TM-Gallery$,http://images.samsung.com/is/image/samsung/jp_SM-G925DZDEDCM_004_R-Front30_pakistangreen?$TM-Gallery$,http://images.samsung.com/is/image/samsung/jp_SM-G925DZDEDCM_001_Front_brown?$TM-Gallery$",http://downloadcenter.samsung.com/content/EM/201603/20160317164600460/SC-04G_QSG_DCM_Marshmallow_Jpn_Rev1.2_160314_Screen.pdf,Galaxy S6 edge SC-04G,
SC-05G,スマートフォン,SAMSUNG,http://images.samsung.com/is/image/samsung/jp_SM-G920DZDADCM_001_Front_gold?$TM-Gallery$,"http://images.samsung.com/is/image/samsung/jp_SM-G920DZDADCM_001_Front_gold?$TM-Gallery$,http://images.samsung.com/is/image/samsung/jp_SM-G920DZDADCM_002_Back_gold?$TM-Gallery$,http://images.samsung.com/is/image/samsung/jp_SM-G920DZDADCM_004_L-Front30_gold?$TM-Gallery$,http://images.samsung.com/is/image/samsung/jp_SM-G920DZDADCM_003_L-Side_gold?$TM-Gallery$,http://images.samsung.com/is/image/samsung/jp_SM-G920DZDADCM_001_Front_black?$TM-Gallery$,http://images.samsung.com/is/image/samsung/jp_SM-G920DZDADCM_001_Front_white?$TM-Gallery$",http://downloadcenter.samsung.com/content/EM/201603/20160317164328719/SC-05G_QSG_DCM_Marshmallow_Jpn_Rev1.2_160314_Screen.pdf,Galaxy S6 SC-05G,
SC-01G,スマートフォン,SAMSUNG,http://images.samsung.com/is/image/samsung/jp_SM-N915DZKEDCM_001_black_black?$DT-Gallery$,"http://images.samsung.com/is/image/samsung/jp_SM-N915DZKEDCM_001_black_black?$DT-Gallery$,http://images.samsung.com/is/image/samsung/jp_SM-N915DZKEDCM_006_Back_black?$DT-Gallery$,http://images.samsung.com/is/image/samsung/jp_SM-N915DZKEDCM_002_Side_black?$DT-Gallery$,http://images.samsung.com/is/image/samsung/jp_SM-N915DZKEDCM_003_Dynamic_black?$DT-Gallery$,http://images.samsung.com/is/image/samsung/jp_SM-N915DZKEDCM_004_wide_black?$DT-Gallery$,http://images.samsung.com/is/image/samsung/jp_SM-N915DZKEDCM_005_55-pen_black?$DT-Gallery$",http://downloadcenter.samsung.com/content/UM/201509/20150907105343827/SC-01G_UM_DCM_kitkat_Jpn_Rev1.4_150907_Screen.pdf,Galaxy Note Edge SC-01G,
SC-02G,スマートフォン,SAMSUNG,http://images.samsung.com/is/image/samsung/jp_SM-G870DTSADCM_001_Front_applemetalgreen?$DT-Gallery$,"http://images.samsung.com/is/image/samsung/jp_SM-G870DTSADCM_001_Front_applemetalgreen?$DT-Gallery$,http://images.samsung.com/is/image/samsung/jp_SM-G870DTSADCM_002_Back_applemetalgreen?$DT-Gallery$,http://images.samsung.com/is/image/samsung/jp_SM-G870DTSADCM_003_Right_applemetalgreen?$DT-Gallery$,http://images.samsung.com/is/image/samsung/jp_SM-G870DTSADCM_004_Left_applemetalgreen?$DT-Gallery$,http://images.samsung.com/is/image/samsung/jp_SM-G870DTSADCM_005_Side_applemetalgreen?$DT-Gallery$",http://downloadcenter.samsung.com/content/UM/201509/20150907105807842/SC-02G_UM_DCM_lollipop_Jpn_Rev2.2_150907_Screen.pdf,Galaxy S5 ACTIVE SC-02G,
SC-04F,スマートフォン,SAMSUNG,http://images.samsung.com/is/image/samsung/jp_SM-G900DZWEDCM_008_DCM_white?$DT-Gallery$,"http://images.samsung.com/is/image/samsung/jp_SM-G900DZWEDCM_008_DCM_white?$DT-Gallery$,http://images.samsung.com/is/image/samsung/jp_SM-G900DZWEDCM_002_DCM_white?$DT-Gallery$,http://images.samsung.com/is/image/samsung/jp_SM-G900DZWEDCM_003_DCM_white?$DT-Gallery$,http://images.samsung.com/is/image/samsung/jp_SM-G900DZWEDCM_007_DCM_white?$DT-Gallery$",http://downloadcenter.samsung.com/content/UM/201609/20160909183013847/SC-04F_UM_DCM_M_Jpn_Rev3.0_160810_Screen.pdf,Galaxy S5 SC-04F,
SCV33,スマートフォン,SAMSUNG,http://images.samsung.com/is/image/samsung/jp_SM-G935JZWAKDI_001_Front_black?$TM-Gallery$,"http://images.samsung.com/is/image/samsung/jp_SM-G935JZWAKDI_001_Front_black?$TM-Gallery$,http://images.samsung.com/is/image/samsung/jp_SM-G935JZWAKDI_002_30R_black?$TM-Gallery$,http://images.samsung.com/is/image/samsung/jp_SM-G935JZWAKDI_001_Front_white?$TM-Gallery$,http://images.samsung.com/is/image/samsung/jp_SM-G935JZWAKDI_001_Front_pink?$TM-Gallery$,http://images.samsung.com/is/image/samsung/jp_SM-G935JZWAKDI_001_Front_lightblue?$TM-Gallery$",http://downloadcenter.samsung.com/content/UM/201612/20161207091425797/SM-G935J_UM_KDDI_Marshmallow_Jpn_Rev1.1_161122_Screen.pdf,Galaxy S7 edge SCV33,
SCV32,スマートフォン,SAMSUNG,http://images.samsung.com/is/image/samsung/jp_SM-A800JZKEKDI_001_Front_white?$DT-Gallery$,"http://images.samsung.com/is/image/samsung/jp_SM-A800JZKEKDI_001_Front_white?$DT-Gallery$,http://images.samsung.com/is/image/samsung/jp_SM-A800JZKEKDI_002_back_white?$DT-Gallery$,http://images.samsung.com/is/image/samsung/jp_SM-A800JZKEKDI_003_side_white?$DT-Gallery$,http://images.samsung.com/is/image/samsung/jp_SM-A800JZKEKDI_004_dynamic_white?$DT-Gallery$,http://images.samsung.com/is/image/samsung/jp_SM-A800JZKEKDI_005_dynamic_white?$DT-Gallery$,http://images.samsung.com/is/image/samsung/jp_SM-A800JZKEKDI_001_Front_gold?$DT-Gallery$,http://images.samsung.com/is/image/samsung/jp_SM-A800JZKEKDI_001_Front_black?$DT-Gallery$",http://downloadcenter.samsung.com/content/UM/201512/20151217142250439/SM-A800J_UM_KDDI_lollipop_Jpn_Rev1_151211_Screen.pdf,Galaxy A8 SCV32,
SCV31,スマートフォン,SAMSUNG,http://images.samsung.com/is/image/samsung/jp_SM-G925JZDAKDI_006_Front_black?$TM-Gallery$,"http://images.samsung.com/is/image/samsung/jp_SM-G925JZDAKDI_006_Front_black?$TM-Gallery$,http://images.samsung.com/is/image/samsung/jp_SM-G925JZDAKDI_002_Dynamic-Top-perspective_black?$TM-Gallery$,http://images.samsung.com/is/image/samsung/jp_SM-G925JZDAKDI_003_Side_black?$TM-Gallery$,http://images.samsung.com/is/image/samsung/jp_SM-G925JZDAKDI_004_R-Front30_black?$TM-Gallery$,http://images.samsung.com/is/image/samsung/jp_SM-G925JZDAKDI_001_Front_gold?$TM-Gallery$,http://images.samsung.com/is/image/samsung/jp_SM-G925JZDAKDI_001_Front_white?$TM-Gallery$",http://downloadcenter.samsung.com/content/UM/201605/20160521120608585/SM-G925J_UM_KDDI_Marshmallow_Jpn_Rev1_160420_Screen.pdf,Galaxy S6 edge SCV31,
SCL24,スマートフォン,SAMSUNG,http://images.samsung.com/is/image/samsung/jp_SM-N915JZKEKDI_009_Front_black?$DT-Gallery$,"http://images.samsung.com/is/image/samsung/jp_SM-N915JZKEKDI_009_Front_black?$DT-Gallery$,http://images.samsung.com/is/image/samsung/jp_SM-N915JZKEKDI_007_Back_black?$DT-Gallery$,http://images.samsung.com/is/image/samsung/jp_SM-N915JZKEKDI_002_Side_black?$DT-Gallery$,http://images.samsung.com/is/image/samsung/jp_SM-N915JZKEKDI_010_Dynamic_black?$DT-Gallery$,http://images.samsung.com/is/image/samsung/jp_SM-N915JZKEKDI_011_55-pen_black?$DT-Gallery$",http://downloadcenter.samsung.com/content/UM/201608/20160822175013481/SCL24_UM_KDDI_Marshmallow_Jpn_Rev1_160817_Screen.pdf,Galaxy Note Edge SCL24,
SCL23,スマートフォン,SAMSUNG,http://images.samsung.com/is/image/samsung/jp_SM-G900JZKEKDI_008_au_white_10039492044590?$DT-Gallery$,"http://images.samsung.com/is/image/samsung/jp_SM-G900JZKEKDI_008_au_white_10039492044590?$DT-Gallery$,http://images.samsung.com/is/image/samsung/jp_SM-G900JZKEKDI_002_au_white?$DT-Gallery$,http://images.samsung.com/is/image/samsung/jp_SM-G900JZKEKDI_003_au_white?$DT-Gallery$,http://images.samsung.com/is/image/samsung/jp_SM-G900JZKEKDI_007_au_white?$DT-Gallery$",http://downloadcenter.samsung.com/content/UM/201609/20160913185741336/SCL23_UM_KDDI_M_Jpn_Rev.3.1_190908_Screen.pdf,Galaxy S5 SCL23,
Galaxy S6 edge SoftBank,スマートフォン,SAMSUNG,http://images.samsung.com/is/image/samsung/jp_SM-G925ZZKESBM_006_Origin_black?$TM-Gallery$,"http://images.samsung.com/is/image/samsung/jp_SM-G925ZZKESBM_006_Origin_black?$TM-Gallery$,http://images.samsung.com/is/image/samsung/jp_SM-G925ZZKESBM_002_Origin_black?$TM-Gallery$,http://images.samsung.com/is/image/samsung/jp_SM-G925ZZKESBM_003_Origin_black?$TM-Gallery$,http://images.samsung.com/is/image/samsung/jp_SM-G925ZZKESBM_004_Origin_black?$TM-Gallery$,http://images.samsung.com/is/image/samsung/jp_SM-G925ZZKESBM_001_Origin_green?$TM-Gallery$,http://images.samsung.com/is/image/samsung/jp_SM-G925ZZKESBM_001_Origin_gold?$TM-Gallery$,http://images.samsung.com/is/image/samsung/jp_SM-G925ZZKESBM_001_Origin_white?$TM-Gallery$",http://downloadcenter.samsung.com/content/UM/201604/20160405093741023/Galaxy_S6_edge_UM_Marshmallow_Jpn_Rev1.0_160401_Screen.pdf,Galaxy S6 edge SoftBank,
SH-M04,スマートフォン,SHARP,http://www.sharp.co.jp/products/shm04/anshin_v3/images/img_anshin_01.jpg,"http://www.sharp.co.jp/products/shm04/anshin_v3/images/img_anshin_01.jpg,http://www.sharp.co.jp/products/shm04/spec_v3/images/img_spec_01.jpg",http://k-tai.sharp.co.jp/support/other/shm04/manual/index_v2/pdf/SH-M04_J_OP_01.pdf,AQUOS SH-M04,2016-12-01
SH-M04-A,スマートフォン,SHARP,http://www.sharp.co.jp/products/shm04/anshin_v3/images/img_anshin_01.jpg,"http://www.sharp.co.jp/products/shm04/anshin_v3/images/img_anshin_01.jpg,http://www.sharp.co.jp/products/shm04/spec_v3/images/img_spec_01.jpg",http://k-tai.sharp.co.jp/support/other/shm04/manual/index_v2/pdf/SH-M04_J_OP_01.pdf,AQUOS SH-M04-A,2016-12-01
AQUOS L UQ mobile,スマートフォン,SHARP,http://www.sharp.co.jp/products/aquos-l/display_v3/images/img_display_01.jpg,"http://www.sharp.co.jp/products/aquos-l/display_v3/images/img_display_01.jpg,http://www.sharp.co.jp/products/aquos-l/spec_v3/images/img_spec_01.jpg",,AQUOS L UQ mobile,2016-12-08
AQUOS XX3 SoftBank,スマートフォン,SHARP,http://www.sharp.co.jp/products/aquos-xx3/design_v3/images/img_design_color_pink.jpg,"http://www.sharp.co.jp/products/aquos-xx3/design_v3/images/img_design_color_pink.jpg,http://www.sharp.co.jp/products/aquos-xx3/design_v3/images/img_design_color_white.jpg,http://www.sharp.co.jp/products/aquos-xx3/design_v3/images/img_design_color_blue.jpg,http://www.sharp.co.jp/products/aquos-xx3/design_v3/images/img_design_color_black.jpg",,AQUOS XX3 SoftBank,2016-11-25
SHV37,スマートフォン,SHARP,http://www.sharp.co.jp/products/shv37/design_v3/images/img_design_color_gold.jpg,"http://www.sharp.co.jp/products/shv37/design_v3/images/img_design_color_gold.jpg,http://www.sharp.co.jp/products/shv37/design_v3/images/img_design_color_white.jpg,http://www.sharp.co.jp/products/shv37/design_v3/images/img_design_color_pink.jpg,http://www.sharp.co.jp/products/shv37/design_v3/images/img_design_color_black.jpg",http://media.kddi.com/app/publish/torisetsu/pdf/shv37_torisetsu_shousai.pdf,AQUOS U SHV37 au,2016-11-18
SH-02J,スマートフォン,SHARP,http://www.sharp.co.jp/products/sh02j/design_v3/images/img_design_color_gold.jpg,"http://www.sharp.co.jp/products/sh02j/design_v3/images/img_design_color_gold.jpg,http://www.sharp.co.jp/products/sh02j/design_v3/images/img_design_color_white.jpg,http://www.sharp.co.jp/products/sh02j/design_v3/images/img_design_color_pink.jpg,http://www.sharp.co.jp/products/sh02j/design_v3/images/img_design_color_black.jpg",https://www.nttdocomo.co.jp/binary/pdf/support/trouble/manual/download/SH-02J_J_syousai.pdf,AQUOS EVER SH-02J docomo,2016-11-04
DM-01J,スマートフォン,SHARP,http://www.sharp.co.jp/products/dm01j/index_v3/images/img_disney_05.jpg,,,disney mobile DM-01J docomo,2017-02-01
AQUOS XX3 mini SoftBank,スマートフォン,SHARP,http://www.sharp.co.jp/products/aquos-xx3-mini/index_v3/images/img_index_01.jpg,,,AQUOS XX3 mini SoftBank,2017-02-01
AQUOS ロボホンスマホセット専用モデル,スマートフォン,SHARP,http://www.sharp.co.jp/products/robohon-sumaho/design_v3/images/img_design_02.jpg,,http://k-tai.sharp.co.jp/support/other/robohon-sumaho/manual/index_v2/pdf/SH-M02_J_OP_01.pdf,AQUOS ロボホンスマホセット専用モデル,2016-09-27
シンプルスマホ3 SoftBank,スマートフォン,SHARP,http://www.sharp.co.jp/products/simple-sumaho3/design_v3/images/img_design_color_silver.jpg,"http://www.sharp.co.jp/products/simple-sumaho3/design_v3/images/img_design_color_silver.jpg,http://www.sharp.co.jp/products/simple-sumaho3/design_v3/images/img_design_color_black.jpg,http://www.sharp.co.jp/products/simple-sumaho3/design_v3/images/img_design_color_pink.jpg",http://help.mb.softbank.jp/simple-sumaho3/pdf/simple-sumaho3_userguide.pdf,シンプルスマホ3 SoftBank,2016-09-09
SHV36,スマートフォン,SHARP,http://www.sharp.co.jp/products/shv36/design_v3/images/img_design_color_gold.jpg,"http://www.sharp.co.jp/products/shv36/design_v3/images/img_design_color_gold.jpg,http://www.sharp.co.jp/products/shv36/design_v3/images/img_design_color_navy.jpg,http://www.sharp.co.jp/products/shv36/design_v3/images/img_design_color_plum.jpg",http://media.kddi.com/app/publish/torisetsu/pdf/basio2_torisetsu_shousai.pdf,BASIO2 SHV36 au,2016-08-05
507SH,スマートフォン,SHARP,http://www.sharp.co.jp/products/507sh/design_v3/images/img_design_02_blue.jpg,"http://www.sharp.co.jp/products/507sh/design_v3/images/img_design_02_blue.jpg,http://www.sharp.co.jp/products/507sh/design_v3/images/img_design_02_white.jpg,http://www.sharp.co.jp/products/507sh/design_v3/images/img_design_02_black.jpg",,507SH Y!mobile,2016-07-29
SH-M03,スマートフォン,SHARP,http://www.sharp.co.jp/products/shm03/design_v3/images/img_design_08_white.jpg,"http://www.sharp.co.jp/products/shm03/design_v3/images/img_design_08_white.jpg,http://www.sharp.co.jp/products/shm03/design_v3/images/img_design_08_red.jpg",http://k-tai.sharp.co.jp/support/other/shm03/manual/index_v2/pdf/SH-M03_J_OP_01.pdf,AQUOS mini SH-M03,2016-07-20
SHV35,スマートフォン,SHARP,http://www.sharp.co.jp/products/shv35/design_v3/images/img_design_color_blue.jpg,"http://www.sharp.co.jp/products/shv35/design_v3/images/img_design_color_blue.jpg,http://www.sharp.co.jp/products/shv35/design_v3/images/img_design_color_white.jpg,http://www.sharp.co.jp/products/shv35/design_v3/images/img_design_color_black.jpg",http://media.kddi.com/app/publish/torisetsu/pdf/shv35_torisetsu_shousai.pdf,AQUOS U SHV35 au,2016-06-24
SHV34,スマートフォン,SHARP,http://www.sharp.co.jp/products/shv34/design_v3/images/img_design_color_navy.jpg,"http://www.sharp.co.jp/products/shv34/design_v3/images/img_design_color_navy.jpg,http://www.sharp.co.jp/products/shv34/design_v3/images/img_design_color_white.jpg,http://www.sharp.co.jp/products/shv34/design_v3/images/img_design_color_pink.jpg",http://media.kddi.com/app/publish/torisetsu/pdf/shv34_torisetsu_shousai.pdf,AQUOS SERIE SHV34 au,2016-06-10
SH-04H,スマートフォン,SHARP,http://www.sharp.co.jp/products/sh04h/design_v3/images/img_design_color_black.jpg,"http://www.sharp.co.jp/products/sh04h/design_v3/images/img_design_color_white.jpg,http://www.sharp.co.jp/products/sh04h/design_v3/images/img_design_color_green.jpg,http://www.sharp.co.jp/products/sh04h/design_v3/images/img_design_color_black.jpg",https://www.nttdocomo.co.jp/binary/pdf/support/trouble/manual/download/SH-04H_J_syousai_N.pdf,AQUOS ZETA SH-04H docomo,2016-06-10
AQUOS XX3 SoftBank,スマートフォン,SHARP,http://www.sharp.co.jp/products/aquos-xx3/design_v3/images/img_design_color_pink.jpg,"http://www.sharp.co.jp/products/aquos-xx3/design_v3/images/img_design_color_pink.jpg,http://www.sharp.co.jp/products/aquos-xx3/design_v3/images/img_design_color_white.jpg,http://www.sharp.co.jp/products/aquos-xx3/design_v3/images/img_design_color_blue.jpg,http://www.sharp.co.jp/products/aquos-xx3/design_v3/images/img_design_color_black.jpg",,AQUOS XX3 SoftBank,2016-06-10
HUAWEI Mate 9,スマートフォン,HUAWEI,http://consumer-res.huaweistatic.com/jp/ucmf/groups/public/documents/webasset/hw_483443.jpg,"http://consumer-res.huaweistatic.com/jp/ucmf/groups/public/documents/webasset/hw_483443.jpg,http://consumer-res.huaweistatic.com/jp/ucmf/groups/public/documents/webasset/hw_483442.jpg,http://consumer-res.huaweistatic.com/jp/ucmf/groups/public/documents/webasset/hw_483441.jpg,http://consumer-res.huaweistatic.com/jp/ucmf/groups/public/documents/webasset/hw_483440.jpg,http://consumer-res.huaweistatic.com/jp/ucmf/groups/public/documents/webasset/hw_483439.jpg,http://consumer-res.huaweistatic.com/jp/ucmf/groups/public/documents/webasset/hw_483438.jpg,http://consumer-res.huaweistatic.com/jp/ucmf/groups/public/documents/webasset/hw_483437.jpg,http://consumer-res.huaweistatic.com/jp/ucmf/groups/public/documents/webasset/hw_483436.jpg",,HUAWEI Mate 9,
HUAWEI P9 lite PREMIUM,スマートフォン,HUAWEI,http://consumer-res.huaweistatic.com/jp/ucmf/groups/public/documents/webasset/hw_482582.jpg,"http://consumer-res.huaweistatic.com/jp/ucmf/groups/public/documents/webasset/hw_482582.jpg,http://consumer-res.huaweistatic.com/jp/ucmf/groups/public/documents/webasset/hw_482581.jpg,http://consumer-res.huaweistatic.com/jp/ucmf/groups/public/documents/webasset/hw_482580.jpg,http://consumer-res.huaweistatic.com/jp/ucmf/groups/public/documents/webasset/hw_482579.jpg,http://consumer-res.huaweistatic.com/jp/ucmf/groups/public/documents/webasset/hw_482578.jpg,http://consumer-res.huaweistatic.com/jp/ucmf/groups/public/documents/webasset/hw_482577.jpg,http://consumer-res.huaweistatic.com/jp/ucmf/groups/public/documents/webasset/hw_482576.jpg,http://consumer-res.huaweistatic.com/jp/ucmf/groups/public/documents/webasset/hw_482575.jpg,http://consumer-res.huaweistatic.com/jp/ucmf/groups/public/documents/webasset/hw_482574.jpg,http://consumer-res.huaweistatic.com/jp/ucmf/groups/public/documents/webasset/hw_482573.jpg",http://download-c.huawei.com/download/downloadCenter?downloadId=92449&version=361971&siteCode=jp&view=true,HUAWEI P9 lite PREMIUM,
honor 8,スマートフォン,HUAWEI,http://consumer-res.huaweistatic.com/jp/ucmf/groups/public/documents/webasset/hw_481410.jpg,"http://consumer-res.huaweistatic.com/jp/ucmf/groups/public/documents/webasset/hw_481410.jpg,http://consumer-res.huaweistatic.com/jp/ucmf/groups/public/documents/webasset/hw_481409.jpg,http://consumer-res.huaweistatic.com/jp/ucmf/groups/public/documents/webasset/hw_481408.jpg,http://consumer-res.huaweistatic.com/jp/ucmf/groups/public/documents/webasset/hw_481407.jpg,http://consumer-res.huaweistatic.com/jp/ucmf/groups/public/documents/webasset/hw_481406.jpg,http://consumer-res.huaweistatic.com/jp/ucmf/groups/public/documents/webasset/hw_481405.jpg,http://consumer-res.huaweistatic.com/jp/ucmf/groups/public/documents/webasset/hw_481404.jpg,http://consumer-res.huaweistatic.com/jp/ucmf/groups/public/documents/webasset/hw_481403.jpg,http://consumer-res.huaweistatic.com/jp/ucmf/groups/public/documents/webasset/hw_481402.jpg",http://download-c.huawei.com/download/downloadCenter?downloadId=89983&version=351245&siteCode=jp&view=true,honor 8,
ZC520TL,スマートフォン,ASUS,https://www.asus.com/media/global/gallery/VWAmkO768Cjtt8fG_setting_fff_1_90_end_500.png,"https://www.asus.com/media/global/gallery/VWAmkO768Cjtt8fG_setting_fff_1_90_end_500.png,https://www.asus.com/media/global/gallery/Tb9jnLPXuYm0jOIG_setting_fff_1_90_end_500.png,https://www.asus.com/media/global/gallery/ZgCpZ6nbng8ifdEU_setting_fff_1_90_end_500.png,https://www.asus.com/media/global/gallery/ehKTxuNEltLnHYKX_setting_fff_1_90_end_500.png,https://www.asus.com/media/global/gallery/OBFc6kef7iDa9D3i_setting_fff_1_90_end_500.png,https://www.asus.com/media/global/gallery/vjqQzLRuuIL5tEVg_setting_fff_1_90_end_500.png",,ZenFone 3 Max ZC520TL,
ZU680KL,スマートフォン,ASUS,https://www.asus.com/media/global/products/IIeuNzWPzXAGeQLN/MjhtFDZMdLMw49dU_setting_fff_1_90_end_500.png,"https://www.asus.com/media/global/products/IIeuNzWPzXAGeQLN/MjhtFDZMdLMw49dU_setting_fff_1_90_end_500.png,https://www.asus.com/media/global/products/IIeuNzWPzXAGeQLN/hP1uF1mHJK3yTaCs_setting_fff_1_90_end_500.png,https://www.asus.com/media/global/products/IIeuNzWPzXAGeQLN/Jc9t37XAOkdImYzx_setting_fff_1_90_end_500.png,https://www.asus.com/media/global/products/IIeuNzWPzXAGeQLN/u4sickKPrEb0YXSY_setting_fff_1_90_end_500.png",,ZenFone 3 Ultra ZU680KL,
ZC551KL,スマートフォン,ASUS,https://www.asus.com/media/global/gallery/YM4hGeDbbVW3tyVT_setting_fff_1_90_end_500.png,"https://www.asus.com/media/global/gallery/YM4hGeDbbVW3tyVT_setting_fff_1_90_end_500.png,https://www.asus.com/media/global/gallery/2p7O1Cmte3M496bt_setting_fff_1_90_end_500.png,https://www.asus.com/media/global/gallery/c0YhezxGgWSi5Bmb_setting_fff_1_90_end_500.png,https://www.asus.com/media/global/gallery/knFb6rJpQ30cv5z0_setting_fff_1_90_end_500.png",http://dlcdnet.asus.com/pub/ASUS/ZenFone/ZC551KL/J12078_ZC551KL_EM_V2_WEB.pdf?_ga=1.240116611.1462100510.1479727516,ZenFone 3 Laser ZC551KL,
ZS570KL,スマートフォン,ASUS,https://www.asus.com/media/jp/products/kzJinPuo8IBzkJSV/llrKn5WH5jx3yvqk_setting_fff_1_90_end_500.png,,,ZenFone 3 Deluxe ZS570KL,
ZE520KL,スマートフォン,ASUS,https://www.asus.com/media/global/gallery/w00d9Mx2lYCGWY5N_setting_fff_1_90_end_500.png,"https://www.asus.com/media/global/gallery/w00d9Mx2lYCGWY5N_setting_fff_1_90_end_500.png,https://www.asus.com/media/global/gallery/8majcjrPb0NzjpUq_setting_fff_1_90_end_500.png,https://www.asus.com/media/global/gallery/Fw93ogTPjE2RgfHe_setting_fff_1_90_end_500.png,https://www.asus.com/media/global/gallery/RlT4XdUgkLtnmek7_setting_fff_1_90_end_500.png",http://dlcdnet.asus.com/pub/ASUS/ZenFone/ZE520KL/J11532_ZE520KL_EM_WEB.pdf?_ga=1.9284021.1462100510.1479727516,ZenFone 3 ZE520KL,
ZB551KL,スマートフォン,ASUS,https://www.asus.com/media/global/products/xKn9nXyUA5DhW70G/LdcMOb9uRmCJauyv_setting_fff_1_90_end_500.png,"https://www.asus.com/media/global/products/xKn9nXyUA5DhW70G/LdcMOb9uRmCJauyv_setting_fff_1_90_end_500.png,https://www.asus.com/media/global/products/xKn9nXyUA5DhW70G/UVswpZINTJILzJi2_setting_fff_1_90_end_500.png,https://www.asus.com/media/jp/products/xKn9nXyUA5DhW70G/mNfMbQVKOhHns6LZ_setting_fff_1_90_end_500.png,https://www.asus.com/media/jp/products/xKn9nXyUA5DhW70G/KPcsu7aFkVhup768_setting_fff_1_90_end_500.png",http://dlcdnet.asus.com/pub/ASUS/ZenFone/ZB551KL/J11163_ZB551KL_EM_WEB.pdf?_ga=1.9284021.1462100510.1479727516,ZenFone Go ZB551KL,
ZC550KL,スマートフォン,ASUS,https://www.asus.com/media/jp/products/2VkOzWrroGvXWghR/gOp5KxR5rVaMSiud_setting_fff_1_90_end_500.png,"https://www.asus.com/media/jp/products/2VkOzWrroGvXWghR/gOp5KxR5rVaMSiud_setting_fff_1_90_end_500.png,https://www.asus.com/media/jp/products/2VkOzWrroGvXWghR/nRFhcJ2jmT9xoiMf_setting_fff_1_90_end_500.png,https://www.asus.com/media/jp/products/2VkOzWrroGvXWghR/0hN7yMG5S0cC9uWa_setting_fff_1_90_end_500.png",http://dlcdnet.asus.com/pub/ASUS/ZenFone/ZC550KL/J11803_ZC550KL_EM_V2_WEB.pdf?_ga=1.39125667.1462100510.1479727516,ZenFone Max ZC550KL,
ZX551ML,スマートフォン,ASUS,https://www.asus.com/media/global/products/BXbNqJplzZiLmk6G/0oebm8Mbxxy8uupM_setting_fff_1_90_end_500.png,"https://www.asus.com/media/global/products/BXbNqJplzZiLmk6G/0oebm8Mbxxy8uupM_setting_fff_1_90_end_500.png,https://www.asus.com/media/global/products/BXbNqJplzZiLmk6G/89ZfdG6miL2xpoYT_setting_fff_1_90_end_500.png,https://www.asus.com/media/jp/products/BXbNqJplzZiLmk6G/lejKFFUnHu82GAoo_setting_fff_1_90_end_500.png,https://www.asus.com/media/jp/products/BXbNqJplzZiLmk6G/Ewyerj6H30zyltSj_setting_fff_1_90_end_500.png",http://dlcdnet.asus.com/pub/ASUS/ZenFone/ZX551ML/J10493_ZX551ML_EM_WEB.pdf?_ga=1.16255542.1462100510.1479727516,ZenFone Zoom ZX551ML,
ZE601KL,スマートフォン,ASUS,https://www.asus.com/media/global/products/X3KCz1JmjdVkQtTo/0GTpKteYDT0aNseE_setting_fff_1_90_end_500.png,"https://www.asus.com/media/global/products/X3KCz1JmjdVkQtTo/0GTpKteYDT0aNseE_setting_fff_1_90_end_500.png,https://www.asus.com/media/global/products/X3KCz1JmjdVkQtTo/2IWGaJYWNCGt7Z6V_setting_fff_1_90_end_500.png,https://www.asus.com/media/global/products/X3KCz1JmjdVkQtTo/k6lohr9p9JZK59Xf_setting_fff_1_90_end_500.png,https://www.asus.com/media/global/products/X3KCz1JmjdVkQtTo/oOXpuoaGrku5sd1g_setting_fff_1_90_end_500.png",http://dlcdnet.asus.com/pub/ASUS/ZenFone/ZE601KL/J10419_ZE601KL_EM_WEB_ONLY.pdf?_ga=1.52407721.1462100510.1479727516,ZenFone 2 Laser ZE601KL,
ZD551KL,スマートフォン,ASUS,https://www.asus.com/media/global/products/a3iCfYUnl9DJAg41/6KBrHZcXSOEhBKh8_setting_fff_1_90_end_500.png,"https://www.asus.com/media/global/products/a3iCfYUnl9DJAg41/6KBrHZcXSOEhBKh8_setting_fff_1_90_end_500.png,https://www.asus.com/media/global/products/a3iCfYUnl9DJAg41/FiqmvgzfEEjRexs6_setting_fff_1_90_end_500.png,https://www.asus.com/media/global/products/a3iCfYUnl9DJAg41/o4UGYTbxuiFvqUr4_setting_fff_1_90_end_500.png,https://www.asus.com/media/global/products/a3iCfYUnl9DJAg41/sRMtC2pjJ1xxfcqF_setting_fff_1_90_end_500.png",http://dlcdnet.asus.com/pub/ASUS/ZenFone/ZD551KL/J10833_ZD551KL_EM_WEB_ONLY.pdf?_ga=1.20451000.1462100510.1479727516,ZenFone Selfie ZD551KL,
ZE500KL,スマートフォン,ASUS,https://www.asus.com/media/jp/products/KsY29RCpsJ2bea9O/rX0VmuxPYDy9KX8Z_setting_fff_1_90_end_500.png,"https://www.asus.com/media/jp/products/KsY29RCpsJ2bea9O/rX0VmuxPYDy9KX8Z_setting_fff_1_90_end_500.png,https://www.asus.com/media/jp/products/KsY29RCpsJ2bea9O/amCXPoX3Cllip4Zp_setting_fff_1_90_end_500.png,https://www.asus.com/media/jp/products/KsY29RCpsJ2bea9O/JljE7wkJH6o41PoP_setting_fff_1_90_end_500.png,https://www.asus.com/media/jp/products/KsY29RCpsJ2bea9O/BA1uWfO1ROoqWjoR_setting_fff_1_90_end_500.png,https://www.asus.com/media/jp/products/KsY29RCpsJ2bea9O/PrIc5IETzsaY41Ka_setting_fff_1_90_end_500.png",http://dlcdnet.asus.com/pub/ASUS/ZenFone/ZE500KL/J10021_ZE500KL_EM_WEB_only.pdf?_ga=1.239970179.1462100510.1479727516,ZenFone 2 Laser ZE500KL,
ZE551ML,スマートフォン,ASUS,https://www.asus.com/media/global/products/Lk0Sg1Ulh0Ph49Hl/w9eDsipykxduxiKq_setting_fff_1_90_end_500.png,"https://www.asus.com/media/global/products/Lk0Sg1Ulh0Ph49Hl/w9eDsipykxduxiKq_setting_fff_1_90_end_500.png,https://www.asus.com/media/global/products/Lk0Sg1Ulh0Ph49Hl/0z5lrvgHMCPxqWTK_setting_fff_1_90_end_500.png,https://www.asus.com/media/global/products/Lk0Sg1Ulh0Ph49Hl/nyOMe5Mc87DCezzn_setting_fff_1_90_end_500.png,https://www.asus.com/media/global/products/Lk0Sg1Ulh0Ph49Hl/CE1QuFzmdCigwUcq_setting_fff_1_90_end_500.png",http://dlcdnet.asus.com/pub/ASUS/ZenFone/ZE550ML/J10509_ZE550_ZE551_EM_V2_web_only.pdf?_ga=1.13968823.1462100510.1479727516,ZenFone 2 ZE551ML,
A500KL,スマートフォン,ASUS,https://www.asus.com/media/global/products/yFAkBexqDTl0m7wF/qrZS8lwKyS4oCDGL_setting_fff_1_90_end_500.png,"https://www.asus.com/media/global/products/yFAkBexqDTl0m7wF/qrZS8lwKyS4oCDGL_setting_fff_1_90_end_500.png,https://www.asus.com/media/global/products/yFAkBexqDTl0m7wF/Nu4d0xruZdicYLT0_setting_fff_1_90_end_500.png,https://www.asus.com/media/global/products/yFAkBexqDTl0m7wF/aANAsQ2oHU57RDmX_setting_fff_1_90_end_500.png,https://www.asus.com/media/global/products/yFAkBexqDTl0m7wF/Sx0zwkUhlfEcWxJV_setting_fff_1_90_end_500.png,https://www.asus.com/media/global/products/yFAkBexqDTl0m7wF/P5JF8I7amk3UMebq_setting_fff_1_90_end_500.png",http://dlcdnet.asus.com/pub/ASUS/ZenFone/A500KL/J9149_A500KL_EM_WEB_only_updated.pdf?_ga=1.14131639.1462100510.1479727516,ZenFone 5 A500KL,
Z530W-F01,スマートフォン,Acer,https://static.acer.com/up/Resource/Acer/Smartphones/Liquid%20Z530/Images/20150818/Acer-smartphone-Liquid-Z530-white-preview.png,"https://static.acer.com/up/Resource/Acer/Smartphones/Liquid%20Z530/Photogallery/20150818/Acer-smartphone-Liquid-Z530-white-photogallery-01.png,https://static.acer.com/up/Resource/Acer/Smartphones/Liquid%20Z530/Photogallery/20150818/Acer-smartphone-Liquid-Z530-white-photogallery-02.png,https://static.acer.com/up/Resource/Acer/Smartphones/Liquid%20Z530/Photogallery/20150818/Acer-smartphone-Liquid-Z530-white-photogallery-03.png,https://static.acer.com/up/Resource/Acer/Smartphones/Liquid%20Z530/Photogallery/20150818/Acer-smartphone-Liquid-Z530-white-photogallery-04.png",,Liquid Z530W-F01,
Z530K-F01,スマートフォン,Acer,https://static.acer.com/up/Resource/Acer/Smartphones/Liquid%20Z530/Images/20150818/Acer-smartphone-Liquid-Z530-Black-preview.png,"https://static.acer.com/up/Resource/Acer/Smartphones/Liquid%20Z530/Photogallery/20150818/Acer-smartphone-Liquid-Z530-Black-photogallery-01.png,https://static.acer.com/up/Resource/Acer/Smartphones/Liquid%20Z530/Photogallery/20150818/Acer-smartphone-Liquid-Z530-Black-photogallery-02.png,https://static.acer.com/up/Resource/Acer/Smartphones/Liquid%20Z530/Photogallery/20150818/Acer-smartphone-Liquid-Z530-Black-photogallery-03.png,https://static.acer.com/up/Resource/Acer/Smartphones/Liquid%20Z530/Photogallery/20150818/Acer-smartphone-Liquid-Z530-Black-photogallery-04.png",,Liquid Z330K-F01,
Z330BK,スマートフォン,Acer,https://static.acer.com/up/Resource/Acer/Smartphones/Liquid%20Z320%20Z330/Images/20150805/Acer-smartphone-Liquid-Z320-Z330-Black-preview.png,"https://static.acer.com/up/Resource/Acer/Smartphones/Liquid%20Z320%20Z330/Photogallery/20150805/Acer-smartphone-Liquid-Z320-Z330-Black-photogallery-01.png,https://static.acer.com/up/Resource/Acer/Smartphones/Liquid%20Z320%20Z330/Photogallery/20150805/Acer-smartphone-Liquid-Z320-Z330-Black-photogallery-02.png,https://static.acer.com/up/Resource/Acer/Smartphones/Liquid%20Z320%20Z330/Photogallery/20150805/Acer-smartphone-Liquid-Z320-Z330-Black-photogallery-03.png,https://static.acer.com/up/Resource/Acer/Smartphones/Liquid%20Z320%20Z330/Photogallery/20150805/Acer-smartphone-Liquid-Z320-Z330-Black-photogallery-04.png",,Liquid Z330BK,
Z330WH,スマートフォン,Acer,https://static.acer.com/up/Resource/Acer/Smartphones/Liquid%20Z320%20Z330/Images/20150805/Acer-smartphone-Liquid-Z320-Z330-white-preview.png,"https://static.acer.com/up/Resource/Acer/Smartphones/Liquid%20Z320%20Z330/Photogallery/20150805/Acer-smartphone-Liquid-Z320-Z330-white-photogallery-01.png,https://static.acer.com/up/Resource/Acer/Smartphones/Liquid%20Z320%20Z330/Photogallery/20150805/Acer-smartphone-Liquid-Z320-Z330-white-photogallery-02.png,https://static.acer.com/up/Resource/Acer/Smartphones/Liquid%20Z320%20Z330/Photogallery/20150805/Acer-smartphone-Liquid-Z320-Z330-white-photogallery-03.png,https://static.acer.com/up/Resource/Acer/Smartphones/Liquid%20Z320%20Z330/Photogallery/20150805/Acer-smartphone-Liquid-Z320-Z330-white-photogallery-04.png",,Liquid Z330WH,
NEXUS 5X,スマートフォン,google,https://www.google.co.jp/nexus/images/nexus6p/featured2.jpg,"https://www.google.co.jp/nexus/images/nexus6p/featured2.jpg,https://www.google.co.jp/nexus/images/nexus5x/5x-gallery-thumb-03.jpg,https://www.google.co.jp/nexus/images/nexus5x/5x-gallery-thumb-02.jpg",,NEXUS 5X,
NEXUS 6P,スマートフォン,google,https://www.google.co.jp/nexus/images/nexus6p/featured1.jpg,"https://www.google.co.jp/nexus/images/nexus6p/featured1.jpg,https://www.google.co.jp/nexus/images/nexus6p/featured3.jpg,https://www.google.co.jp/nexus/images/nexus6p/featured2.jpg",,NEXUS 6P,
F-01J,スマートフォン,FUJITSU,http://www.fmworld.net/product/phone/lineup/rnw2015/images/4/lineup-f-01j.png,"http://www.fmworld.net/product/phone/f-01j/images/3/design07.png,http://www.fmworld.net/product/phone/f-01j/images/3/design04.png,http://www.fmworld.net/product/phone/f-01j/images/3/design05.png,http://www.fmworld.net/product/phone/f-01j/images/3/design06.png",,arrows NX F-01J,
F-03H,スマートフォン,FUJITSU,http://www.fmworld.net/product/phone/lineup/rnw2015/images/4/lineup-f-03h.png,"http://www.fmworld.net/product/phone/f-03h/images/1/design11.png,http://www.fmworld.net/product/phone/f-03h/images/1/design08.png,http://www.fmworld.net/product/phone/f-03h/images/1/design09.png,http://www.fmworld.net/product/phone/f-03h/images/1/design10.png",,arrows SV F-03H,
F-02H,スマートフォン,FUJITSU,http://www.fmworld.net/product/phone/lineup/rnw2015/images/4/lineup-f-02h.png,"http://www.fmworld.net/product/phone/f-02h/images/2/design12.png,http://www.fmworld.net/product/phone/f-02h/images/1/design02.png,http://www.fmworld.net/product/phone/f-02h/images/1/design03.png,http://www.fmworld.net/product/phone/f-02h/images/1/design04.png",,arrows NX F-02H,
F-01H,スマートフォン,FUJITSU,http://www.fmworld.net/product/phone/lineup/rnw2015/images/4/lineup-f-01h.png,"http://www.fmworld.net/product/phone/f-01h/images/1/design13.png,http://www.fmworld.net/product/phone/f-01h/images/1/design09.png,http://www.fmworld.net/product/phone/f-01h/images/1/design10.png,http://www.fmworld.net/product/phone/f-01h/images/1/design11.png,http://www.fmworld.net/product/phone/f-01h/images/1/design12.png",,arrows Fit F-01H,
F-04G,スマートフォン,FUJITSU,http://www.fmworld.net/product/phone/lineup/rnw2015/images/4/lineup-f-04g.png,"http://www.fmworld.net/product/phone/f-04g/images/1/color01.jpg,http://www.fmworld.net/product/phone/f-04g/images/1/color02.jpg,http://www.fmworld.net/product/phone/f-04g/images/1/color03.jpg",,ARROWS NX F-04G,
M03,スマートフォン,FUJITSU,http://www.fmworld.net/product/phone/lineup/rnw2015/images/4/lineup-m03.png,http://www.fmworld.net/product/phone/m03/img/design_p3_img.png,,arrows M03,
M02,スマートフォン,FUJITSU,http://www.fmworld.net/product/phone/lineup/rnw2015/images/4/lineup-m02.png,"http://www.fmworld.net/product/phone/m02/images/1/design02.jpg,http://www.fmworld.net/product/phone/m02/images/1/design03.jpg,http://www.fmworld.net/product/phone/m02/images/1/design04.jpg,http://www.fmworld.net/product/phone/m02/images/1/design05.jpg,http://www.fmworld.net/product/phone/m02/images/1/design06.jpg",,arrows M02,
RM02,スマートフォン,FUJITSU,http://www.fmworld.net/product/phone/lineup/rnw2015/images/4/lineup-m02.png,"http://www.fmworld.net/product/phone/m02/images/1/design02.jpg,http://www.fmworld.net/product/phone/m02/images/1/design03.jpg,http://www.fmworld.net/product/phone/m02/images/1/design04.jpg,http://www.fmworld.net/product/phone/m02/images/1/design05.jpg,http://www.fmworld.net/product/phone/m02/images/1/design06.jpg",,arrows RM02,
L-01J,スマートフォン,LG,http://www.lg.com/jp/images/mobile-phone/L-01J/medium.jpg,"http://www.lg.com/jp/images/mobile-phone/L-01J/gallery/medium_001.jpg,http://www.lg.com/jp/images/mobile-phone/L-01J/gallery/medium_002.jpg",,V20 PRO L-01J,
LGV34,スマートフォン,LG,http://www.lg.com/jp/images/mobile-phone/LGV34/medium.jpg,"http://www.lg.com/jp/images/mobile-phone/LGV34/gallery/large_005.jpg,http://www.lg.com/jp/images/mobile-phone/LGV34/gallery/large_006.jpg",,isai Beat LGV34,
LGU31,スマートフォン,LG,http://www.lg.com/jp/images/mobile-phone/LGK500J/medium.jpg,"http://www.lg.com/jp/images/mobile-phone/LGK500J/gallery/large_001.jpg,http://www.lg.com/jp/images/mobile-phone/LGK500J/gallery/large_005.jpg",,LG X screen UQ mobile LGU31,
LGS02,スマートフォン,LG,http://www.lg.com/jp/images/mobile-phone/md05756671/image350s02.jpg,"http://www.lg.com/jp/images/mobile-phone/md05756671/gallery/medium01.jpg,http://www.lg.com/jp/images/mobile-phone/md05756671/gallery/medium02.jpg,http://www.lg.com/jp/images/mobile-phone/md05756671/gallery/medium05.jpg,http://www.lg.com/jp/images/mobile-phone/md05756671/gallery/medium06.jpg",,LG X screen LGS02,
DM-02H,スマートフォン,LG,http://www.lg.com/jp/images/mobile-phone/md05604712/gallery/medium.jpg,"http://www.lg.com/jp/images/mobile-phone/md05604712/gallery/large_003.jpg,http://www.lg.com/jp/images/mobile-phone/md05604712/gallery/large_004.jpg",,Disney Mobile on docomo DM-02H,
LGV32,スマートフォン,LG,http://www.lg.com/jp/images/mobile-phone/md05196220/md05196220-350x350.jpg,"http://www.lg.com/jp/images/mobile-phone/md05196220/gallery/large_001.jpg,http://www.lg.com/jp/images/mobile-phone/md05196220/gallery/large_002.jpg,http://www.lg.com/jp/images/mobile-phone/md05196220/gallery/large_003.jpg,http://www.lg.com/jp/images/mobile-phone/md05196220/gallery/large_004.jpg,http://www.lg.com/jp/images/mobile-phone/md05196220/gallery/large_005.jpg",,isai vivid LGV32,
DM-01G,スマートフォン,LG,http://www.lg.com/jp/images/mobile-phone/md05190500/md05190500-350x350.jpg,"http://www.lg.com/jp/images/mobile-phone/DM-01G/gallery/zoom_001.jpg,http://www.lg.com/jp/images/mobile-phone/DM-01G/gallery/zoom_002.jpg,http://www.lg.com/jp/images/mobile-phone/DM-01G/gallery/zoom_003.jpg,http://www.lg.com/jp/images/mobile-phone/DM-01G/gallery/zoom_004.jpg,http://www.lg.com/jp/images/mobile-phone/DM-01G/gallery/zoom_005.jpg,http://www.lg.com/jp/images/mobile-phone/DM-01G/gallery/zoom_006.jpg,http://www.lg.com/jp/images/mobile-phone/DM-01G/gallery/zoom_007.jpg,http://www.lg.com/jp/images/mobile-phone/DM-01G/gallery/zoom_008.jpg,http://www.lg.com/jp/images/mobile-phone/DM-01G/gallery/zoom_009.jpg,http://www.lg.com/jp/images/mobile-phone/DM-01G/gallery/zoom_010.jpg",,Disney Mobile on docomo DM-01G,
402LG,スマートフォン,LG,http://www.lg.com/jp/images/mobile-phone/md05168123/md05168123-350x350.jpg,"http://www.lg.com/jp/images/mobile-phone/402LG/gallery/zoom_007.jpg,http://www.lg.com/jp/images/mobile-phone/402LG/gallery/zoom_008.jpg,http://www.lg.com/jp/images/mobile-phone/402LG/gallery/zoom_009.jpg,http://www.lg.com/jp/images/mobile-phone/402LG/gallery/zoom_001.jpg,http://www.lg.com/jp/images/mobile-phone/402LG/gallery/zoom_002.jpg,http://www.lg.com/jp/images/mobile-phone/402LG/gallery/zoom_003.jpg",,Spray 402LG,
,,,,,,,
,,,,,,,
,,,,,,,
,,,,,,,
,,,,,,,
,,,,,,,